phrase,spam_count,ham_count,spam_ratio,weight,category
claim,105,0,1.0,1.0,general
noida,93,0,1.0,1.0,general
prize,85,0,1.0,1.0,general
talktime,72,0,1.0,1.0,general
blyk,69,0,1.0,1.0,general
ke liye,61,0,1.0,1.0,general
blyk aircel,59,0,1.0,1.0,general
24,58,0,1.0,1.0,general
150p,57,0,1.0,1.0,general
bhk,46,0,1.0,1.0,general
guaranteed,46,0,1.0,1.0,general
aircel free,44,0,1.0,1.0,general
blyk aircel free,44,0,1.0,1.0,general
karein,41,0,1.0,1.0,general
reply 24,41,0,1.0,1.0,general
tone,41,0,1.0,1.0,general
valid,41,0,1.0,1.0,general
cs,40,0,1.0,1.0,general
24 hrs,37,0,1.0,1.0,general
visit www,37,0,1.0,1.0,general
reply 24 hrs,36,0,1.0,1.0,general
national,35,0,1.0,1.0,general
replies blyk,34,0,1.0,1.0,general
replies blyk aircel,34,0,1.0,1.0,general
awarded,31,0,1.0,1.0,general
toll free,31,0,1.0,1.0,general
5000,29,0,1.0,1.0,general
gurgaon,29,0,1.0,1.0,general
10p,28,0,1.0,1.0,general
150ppm,28,0,1.0,1.0,general
ringtone,27,0,1.0,1.0,general
validity,25,0,1.0,1.0,general
750,24,0,1.0,1.0,general
plots,23,0,1.0,1.0,general
tones,23,0,1.0,1.0,general
800,21,0,1.0,1.0,general
income,21,0,1.0,1.0,general
ka talktime,21,0,1.0,1.0,general
24hrs,20,0,1.0,1.0,general
dating,20,0,1.0,1.0,general
dial karein,20,0,1.0,1.0,general
extn,20,0,1.0,1.0,general
manya,20,0,1.0,1.0,general
po box,20,0,1.0,1.0,general
premium,20,0,1.0,1.0,general
sq,20,0,1.0,1.0,general
weekly,20,0,1.0,1.0,general
yes reply,20,0,1.0,1.0,general
appl,19,0,1.0,1.0,general
bonus,19,0,1.0,1.0,general
prize guaranteed,19,0,1.0,1.0,general
send stop,19,0,1.0,1.0,general
24 hrs video,18,0,1.0,1.0,general
hrs video,18,0,1.0,1.0,general
recharge par,18,0,1.0,1.0,general
reply 24hrs,18,0,1.0,1.0,general
tnc,18,0,1.0,1.0,general
unsubscribe,18,0,1.0,1.0,general
worth rs,18,0,1.0,1.0,general
1000 cash,17,0,1.0,1.0,general
121,17,0,1.0,1.0,general
3bhk,17,0,1.0,1.0,general
54999,17,0,1.0,1.0,general
deals,17,0,1.0,1.0,general
expires,17,0,1.0,1.0,general
ncr,17,0,1.0,1.0,general
sae,17,0,1.0,1.0,general
urgent mobile,17,0,1.0,1.0,urgency
150,16,0,1.0,1.0,general
8007,16,0,1.0,1.0,general
avail,16,0,1.0,1.0,general
clip,16,0,1.0,1.0,technical
land,16,0,1.0,1.0,general
land line,16,0,1.0,1.0,general
national rate,16,0,1.0,1.0,general
poly,16,0,1.0,1.0,general
rental,16,0,1.0,1.0,general
selected receive,16,0,1.0,1.0,general
txt stop,16,0,1.0,1.0,general
08000930705,15,0,1.0,1.0,general
12hrs,15,0,1.0,1.0,general
30 din,15,0,1.0,1.0,general
account statement,15,0,1.0,1.0,general
await collection,15,0,1.0,1.0,general
din ke,15,0,1.0,1.0,general
din ke liye,15,0,1.0,1.0,general
identifier,15,0,1.0,1.0,general
identifier code,15,0,1.0,1.0,general
ke recharge,15,0,1.0,1.0,general
prize claim,15,0,1.0,1.0,general
slim,15,0,1.0,1.0,general
sqft,15,0,1.0,1.0,general
talktime recharge,15,0,1.0,1.0,general
valid 12hrs,15,0,1.0,1.0,general
vouchers,15,0,1.0,1.0,general
yamuna,15,0,1.0,1.0,general
011,14,0,1.0,1.0,general
2nd attempt,14,0,1.0,1.0,general
350,14,0,1.0,1.0,general
56070,14,0,1.0,1.0,general
airtel live,14,0,1.0,1.0,general
camcorder,14,0,1.0,1.0,general
chance win,14,0,1.0,1.0,general
charged,14,0,1.0,1.0,general
dating service,14,0,1.0,1.0,general
freemsg,14,0,1.0,1.0,general
golf course,14,0,1.0,1.0,general
onwrds,14,0,1.0,1.0,general
reliance,14,0,1.0,1.0,general
residential,14,0,1.0,1.0,general
roaming,14,0,1.0,1.0,general
sauna,14,0,1.0,1.0,general
03,13,0,1.0,1.0,general
04,13,0,1.0,1.0,general
150p msg,13,0,1.0,1.0,general
2000 prize,13,0,1.0,1.0,general
2003,13,0,1.0,1.0,general
2003 account,13,0,1.0,1.0,general
2003 account statement,13,0,1.0,1.0,general
56677,13,0,1.0,1.0,general
86688,13,0,1.0,1.0,general
agni,13,0,1.0,1.0,general
apts,13,0,1.0,1.0,general
attempt contact,13,0,1.0,1.0,general
draw shows,13,0,1.0,1.0,general
draw shows won,13,0,1.0,1.0,general
free entry,13,0,1.0,1.0,general
mrp,13,0,1.0,1.0,general
muft,13,0,1.0,1.0,general
opt,13,0,1.0,1.0,general
paras,13,0,1.0,1.0,general
pay rs,13,0,1.0,1.0,general
private 2003,13,0,1.0,1.0,general
private 2003 account,13,0,1.0,1.0,general
ree,13,0,1.0,1.0,general
reply 08000930705,13,0,1.0,1.0,general
shows won,13,0,1.0,1.0,general
trying contact,13,0,1.0,1.0,general
ur cash,13,0,1.0,1.0,general
world cup,13,0,1.0,1.0,general
xprsway,13,0,1.0,1.0,general
08000839402,12,0,1.0,1.0,general
10p min,12,0,1.0,1.0,general
30000,12,0,1.0,1.0,general
4rm,12,0,1.0,1.0,general
4rm 160by2,12,0,1.0,1.0,general
50p,12,0,1.0,1.0,general
60p,12,0,1.0,1.0,general
800 redeemed,12,0,1.0,1.0,general
800 redeemed points,12,0,1.0,1.0,general
999,12,0,1.0,1.0,general
best deal,12,0,1.0,1.0,general
booking sms,12,0,1.0,1.0,general
caller prize,12,0,1.0,1.0,general
customer service,12,0,1.0,1.0,general
details sms,12,0,1.0,1.0,general
guarantee,12,0,1.0,1.0,general
hi tech,12,0,1.0,1.0,general
ipod,12,0,1.0,1.0,technical
lac onwrds,12,0,1.0,1.0,general
land line claim,12,0,1.0,1.0,general
line claim,12,0,1.0,1.0,general
mms,12,0,1.0,1.0,general
mobile number,12,0,1.0,1.0,general
mobileupd8,12,0,1.0,1.0,general
noida extn,12,0,1.0,1.0,general
payein,12,0,1.0,1.0,general
plot,12,0,1.0,1.0,general
puri,12,0,1.0,1.0,general
redeemed,12,0,1.0,1.0,general
redeemed points,12,0,1.0,1.0,general
ringtones,12,0,1.0,1.0,general
sent 4rm,12,0,1.0,1.0,general
sent 4rm 160by2,12,0,1.0,1.0,general
shows 800,12,0,1.0,1.0,general
shows 800 redeemed,12,0,1.0,1.0,general
sms ac,12,0,1.0,1.0,general
sq ft,12,0,1.0,1.0,general
08,11,0,1.0,1.0,general
160by2 com,11,0,1.0,1.0,general
29,11,0,1.0,1.0,general
30 days,11,0,1.0,1.0,general
4bhk,11,0,1.0,1.0,general
9212255555,11,0,1.0,1.0,general
arcade,11,0,1.0,1.0,general
assured,11,0,1.0,1.0,general
bonus caller,11,0,1.0,1.0,general
bonus caller prize,11,0,1.0,1.0,general
camcorder reply,11,0,1.0,1.0,general
claim ur,11,0,1.0,1.0,general
dream home,11,0,1.0,1.0,general
flats,11,0,1.0,1.0,general
ghante,11,0,1.0,1.0,general
just rs,11,0,1.0,1.0,general
karke,11,0,1.0,1.0,general
ke recharge par,11,0,1.0,1.0,general
lac al,11,0,1.0,1.0,general
launch,11,0,1.0,1.0,general
launches,11,0,1.0,1.0,general
new video,11,0,1.0,1.0,general
operator,11,0,1.0,1.0,general
pobox,11,0,1.0,1.0,general
reputed,11,0,1.0,1.0,general
rs2,11,0,1.0,1.0,general
sakte hain,11,0,1.0,1.0,general
se rs,11,0,1.0,1.0,general
snapdeal,11,0,1.0,1.0,general
snapdeal com,11,0,1.0,1.0,general
subscription,11,0,1.0,1.0,technical
tnc appl,11,0,1.0,1.0,general
tried contact,11,0,1.0,1.0,general
txt word,11,0,1.0,1.0,general
ur awarded,11,0,1.0,1.0,general
ur mob,11,0,1.0,1.0,general
ur mobile,11,0,1.0,1.0,general
video clip,11,0,1.0,1.0,technical
won 000,11,0,1.0,1.0,general
www snapdeal,11,0,1.0,1.0,general
www snapdeal com,11,0,1.0,1.0,general
123,10,0,1.0,1.0,general
15000,10,0,1.0,1.0,general
15000 se,10,0,1.0,1.0,general
15000 se rs,10,0,1.0,1.0,general
2lands,10,0,1.0,1.0,general
2lands row,10,0,1.0,1.0,general
30000 income,10,0,1.0,1.0,general
30000 income kar,10,0,1.0,1.0,general
48 ghante,10,0,1.0,1.0,general
48 ghante mein,10,0,1.0,1.0,general
55352,10,0,1.0,1.0,general
85,10,0,1.0,1.0,general
86688 150p,10,0,1.0,1.0,general
87066,10,0,1.0,1.0,general
aap hi,10,0,1.0,1.0,general
aap hi tech,10,0,1.0,1.0,general
alerts,10,0,1.0,1.0,general
best location,10,0,1.0,1.0,general
camcorder reply 08000930705,10,0,1.0,1.0,general
claim code,10,0,1.0,1.0,general
complimentary,10,0,1.0,1.0,general
course karke,10,0,1.0,1.0,general
course karke puri,10,0,1.0,1.0,general
customer services,10,0,1.0,1.0,general
dogging,10,0,1.0,1.0,general
expressway,10,0,1.0,1.0,general
ggn,10,0,1.0,1.0,general
ghante mein,10,0,1.0,1.0,general
hain har,10,0,1.0,1.0,general
hain har mahine,10,0,1.0,1.0,general
half price,10,0,1.0,1.0,general
har mahine,10,0,1.0,1.0,general
har mahine aap,10,0,1.0,1.0,general
hi tech se,10,0,1.0,1.0,general
income kar,10,0,1.0,1.0,general
income kar sakte,10,0,1.0,1.0,general
interactions,10,0,1.0,1.0,general
interactions blyk,10,0,1.0,1.0,general
interactions blyk aircel,10,0,1.0,1.0,general
international,10,0,1.0,1.0,general
jankari,10,0,1.0,1.0,general
jankari ke,10,0,1.0,1.0,general
jankari ke liye,10,0,1.0,1.0,general
ka course,10,0,1.0,1.0,general
ka course karke,10,0,1.0,1.0,general
kar sakte,10,0,1.0,1.0,general
kar sakte hain,10,0,1.0,1.0,general
karke puri,10,0,1.0,1.0,general
karke puri jankari,10,0,1.0,1.0,general
ke liye dial,10,0,1.0,1.0,general
ke liye kare,10,0,1.0,1.0,general
laptop repairing,10,0,1.0,1.0,general
laptop repairing ka,10,0,1.0,1.0,general
liye dial,10,0,1.0,1.0,general
liye dial karein,10,0,1.0,1.0,general
liye kare,10,0,1.0,1.0,general
mahine,10,0,1.0,1.0,general
mahine aap,10,0,1.0,1.0,general
mahine aap hi,10,0,1.0,1.0,general
mobile laptop,10,0,1.0,1.0,general
mobile laptop repairing,10,0,1.0,1.0,general
mobiles,10,0,1.0,1.0,general
national sms,10,0,1.0,1.0,general
network mins,10,0,1.0,1.0,general
psf,10,0,1.0,1.0,general
puri jankari,10,0,1.0,1.0,general
puri jankari ke,10,0,1.0,1.0,general
repairing,10,0,1.0,1.0,general
repairing ka,10,0,1.0,1.0,general
repairing ka course,10,0,1.0,1.0,general
reply stop,10,0,1.0,1.0,general
rs 15000,10,0,1.0,1.0,general
rs 15000 se,10,0,1.0,1.0,general
rs 30000,10,0,1.0,1.0,general
rs 30000 income,10,0,1.0,1.0,general
rs10,10,0,1.0,1.0,general
sakte hain har,10,0,1.0,1.0,general
sauna slim,10,0,1.0,1.0,general
sauna slim belt,10,0,1.0,1.0,general
se mobile,10,0,1.0,1.0,general
se mobile laptop,10,0,1.0,1.0,general
se rs 30000,10,0,1.0,1.0,general
slim belt,10,0,1.0,1.0,general
sms past,10,0,1.0,1.0,general
stop texts,10,0,1.0,1.0,general
subscribe,10,0,1.0,1.0,general
suite342,10,0,1.0,1.0,general
suite342 2lands,10,0,1.0,1.0,general
suite342 2lands row,10,0,1.0,1.0,general
tech se,10,0,1.0,1.0,general
tech se mobile,10,0,1.0,1.0,general
ts,10,0,1.0,1.0,general
txt nokia,10,0,1.0,1.0,general
urgent trying,10,0,1.0,1.0,urgency
urgent trying contact,10,0,1.0,1.0,urgency
villas,10,0,1.0,1.0,general
visit www snapdeal,10,0,1.0,1.0,general
wap,10,0,1.0,1.0,general
yes reply 24,10,0,1.0,1.0,general
www,168,2,0.9882,0.9882,general
aircel,69,1,0.9857,0.9857,general
dial,69,1,0.9857,0.9857,general
uk,58,1,0.9831,0.9831,general
18,51,1,0.9808,0.9808,general
000,41,1,0.9762,0.9762,general
music,37,1,0.9737,0.9737,general
services,32,1,0.9697,0.9697,general
std,31,1,0.9688,0.9688,general
toll,31,1,0.9688,0.9688,general
service,85,3,0.9659,0.9659,general
collection,27,1,0.9643,0.9643,general
award,26,1,0.963,0.963,general
club,26,1,0.963,0.963,general
rate,50,2,0.9615,0.9615,general
offers,25,1,0.9615,0.9615,general
video,72,3,0.96,0.96,general
entry,24,1,0.96,0.96,general
attempt,22,1,0.9565,0.9565,general
content,22,1,0.9565,0.9565,general
golf,22,1,0.9565,0.9565,general
250,21,1,0.9545,0.9545,general
games,21,1,0.9545,0.9545,general
voucher,21,1,0.9545,0.9545,general
code,40,2,0.9524,0.9524,general
booking,39,2,0.9512,0.9512,general
airtel,38,2,0.95,0.95,general
local,37,2,0.9487,0.9487,general
lac,54,3,0.9474,0.9474,general
500,49,3,0.9423,0.9423,general
16,64,4,0.9412,0.9412,general
nokia,64,4,0.9412,0.9412,general
private,16,1,0.9412,0.9412,general
winner,16,1,0.9412,0.9412,general
apply,62,4,0.9394,0.9394,general
await,15,1,0.9375,0.9375,general
lacs,29,2,0.9355,0.9355,general
60,14,1,0.9333,0.9333,general
ft,14,1,0.9333,0.9333,general
luxury,14,1,0.9333,0.9333,general
settings,14,1,0.9333,0.9333,general
offer,108,8,0.931,0.931,general
2000,27,2,0.931,0.931,general
14,13,1,0.9286,0.9286,general
kare,13,1,0.9286,0.9286,general
phones,13,1,0.9286,0.9286,general
delivery,37,3,0.925,0.925,general
alert,12,1,0.9231,0.9231,general
congratulations,12,1,0.9231,0.9231,general
dp,12,1,0.9231,0.9231,general
dwarka,12,1,0.9231,0.9231,general
sakte,12,1,0.9231,0.9231,general
100,68,6,0.9189,0.9189,general
liye,67,6,0.9178,0.9178,general
recharge,99,9,0.9167,0.9167,general
cd,11,1,0.9167,0.9167,general
mts,11,1,0.9167,0.9167,general
unlimited,41,4,0.9111,0.9111,general
31,10,1,0.9091,0.9091,general
45,10,1,0.9091,0.9091,general
disc,10,1,0.9091,0.9091,general
members,10,1,0.9091,0.9091,general
presents,10,1,0.9091,0.9091,general
presnts,10,1,0.9091,0.9091,general
quiz,10,1,0.9091,0.9091,general
txts,10,1,0.9091,0.9091,general
landline,29,3,0.9062,0.9062,general
1000,38,4,0.9048,0.9048,general
txt,128,14,0.9014,0.9014,general
charges,27,3,0.9,0.9,general
02,9,0,1.0,0.9,general
06,9,0,1.0,0.9,general
0800,9,0,1.0,0.9,general
2000 prize guaranteed,9,0,1.0,0.9,general
2012,9,0,1.0,0.9,general
234,9,0,1.0,0.9,general
24 hours,9,0,1.0,0.9,general
30 din ke,9,0,1.0,0.9,general
350 award,9,0,1.0,0.9,general
53456,9,0,1.0,0.9,general
750 anytime,9,0,1.0,0.9,general
80,9,0,1.0,0.9,general
agni 9212255555,9,0,1.0,0.9,general
anytime network,9,0,1.0,0.9,general
anytime network mins,9,0,1.0,0.9,general
awaiting,9,0,1.0,0.9,general
awarded 500,9,0,1.0,0.9,general
bt national,9,0,1.0,0.9,general
bt national rate,9,0,1.0,0.9,general
call2optout,9,0,1.0,0.9,general
cash await,9,0,1.0,0.9,general
cash await collection,9,0,1.0,0.9,general
charity,9,0,1.0,0.9,general
customers,9,0,1.0,0.9,general
double mins,9,0,1.0,0.9,general
exp,9,0,1.0,0.9,general
fashion,9,0,1.0,0.9,general
free blyk,9,0,1.0,0.9,general
free blyk aircel,9,0,1.0,0.9,general
free text,9,0,1.0,0.9,general
greens,9,0,1.0,0.9,general
homes,9,0,1.0,0.9,general
investment,9,0,1.0,0.9,general
just txt,9,0,1.0,0.9,general
ka talktime 48,9,0,1.0,0.9,general
kazi,9,0,1.0,0.9,general
kazi road,9,0,1.0,0.9,general
line rental,9,0,1.0,0.9,general
matches,9,0,1.0,0.9,general
original booking,9,0,1.0,0.9,general
paras tierea,9,0,1.0,0.9,general
recharge karein,9,0,1.0,0.9,general
reveal,9,0,1.0,0.9,general
sae cs,9,0,1.0,0.9,general
savamob,9,0,1.0,0.9,general
scheme,9,0,1.0,0.9,general
sector,9,0,1.0,0.9,general
talktime 48,9,0,1.0,0.9,general
talktime 48 ghante,9,0,1.0,0.9,general
tell ur,9,0,1.0,0.9,general
text stop,9,0,1.0,0.9,general
tierea,9,0,1.0,0.9,general
ts cs,9,0,1.0,0.9,general
want new,9,0,1.0,0.9,general
wkly,9,0,1.0,0.9,general
won guaranteed,9,0,1.0,0.9,general
sec,52,6,0.8966,0.8966,general
click,17,2,0.8947,0.8947,general
todays,17,2,0.8947,0.8947,urgency
50,67,8,0.8933,0.8933,general
network,25,3,0.8929,0.8929,general
urgent,57,7,0.8906,0.8906,urgency
200,24,3,0.8889,0.8889,general
camera,24,3,0.8889,0.8889,general
pounds,16,2,0.8889,0.8889,general
statement,16,2,0.8889,0.8889,general
sms,294,38,0.8855,0.8855,general
mobile,175,23,0.8838,0.8838,general
2011,15,2,0.8824,0.8824,general
48,15,2,0.8824,0.8824,general
location,15,2,0.8824,0.8824,general
limited,22,3,0.88,0.88,general
receive,36,5,0.878,0.878,general
latest,35,5,0.875,0.875,general
rates,21,3,0.875,0.875,general
auction,14,2,0.875,0.875,general
earn,14,2,0.875,0.875,general
property,14,2,0.875,0.875,general
summer,14,2,0.875,0.875,general
ac,20,3,0.8696,0.8696,general
3g,13,2,0.8667,0.8667,general
caller,13,2,0.8667,0.8667,general
direct,13,2,0.8667,0.8667,general
gold,13,2,0.8667,0.8667,general
picture,13,2,0.8667,0.8667,general
tax,13,2,0.8667,0.8667,general
winter,13,2,0.8667,0.8667,general
draw,38,6,0.8636,0.8636,general
replies,38,6,0.8636,0.8636,general
160by2,19,3,0.8636,0.8636,general
belt,19,3,0.8636,0.8636,general
rs,239,38,0.8628,0.8628,general
15,44,7,0.8627,0.8627,general
po,25,4,0.8621,0.8621,general
price,49,8,0.8596,0.8596,general
40,18,3,0.8571,0.8571,general
final,18,3,0.8571,0.8571,general
har,18,3,0.8571,0.8571,general
13,12,2,0.8571,0.8571,general
access,12,2,0.8571,0.8571,general
center,12,2,0.8571,0.8571,general
mba,12,2,0.8571,0.8571,general
hrs,41,7,0.8542,0.8542,general
cash,69,12,0.8519,0.8519,general
visit,63,11,0.8514,0.8514,general
win,74,13,0.8506,0.8506,general
ph,17,3,0.85,0.85,general
flat,28,5,0.8485,0.8485,general
selected,22,4,0.8462,0.8462,general
comp,11,2,0.8462,0.8462,general
data,11,2,0.8462,0.8462,general
silver,11,2,0.8462,0.8462,general
tips,11,2,0.8462,0.8462,technical
onwards,16,3,0.8421,0.8421,general
store,16,3,0.8421,0.8421,general
shows,30,6,0.8333,0.8333,general
metro,25,5,0.8333,0.8333,general
mob,20,4,0.8333,0.8333,general
original,15,3,0.8333,0.8333,general
career,10,2,0.8333,0.8333,general
cricket,10,2,0.8333,0.8333,general
member,10,2,0.8333,0.8333,general
motorola,10,2,0.8333,0.8333,general
ms,10,2,0.8333,0.8333,general
free,407,83,0.8306,0.8306,general
internet,38,8,0.8261,0.8261,general
discount,19,4,0.8261,0.8261,general
delhi,37,8,0.8222,0.8222,general
orange,22,5,0.8148,0.8148,general
possession,13,3,0.8125,0.8125,general
upto,30,7,0.8108,0.8108,general
28,9,1,0.9,0.81,general
units,9,1,0.9,0.81,general
valued,9,1,0.9,0.81,general
com,149,35,0.8098,0.8098,general
season,17,4,0.8095,0.8095,general
tech,17,4,0.8095,0.8095,general
contact,73,18,0.8022,0.8022,general
match,20,5,0.8,0.8,general
colour,16,4,0.8,0.8,general
register,12,3,0.8,0.8,general
row,12,3,0.8,0.8,general
000 cash,8,0,1.0,0.8,general
03 2nd,8,0,1.0,0.8,general
03 2nd attempt,8,0,1.0,0.8,general
08712460324,8,0,1.0,0.8,general
10 tak,8,0,1.0,0.8,general
10am,8,0,1.0,0.8,general
24hrs know,8,0,1.0,0.8,urgency
2lands row w1j6hl,8,0,1.0,0.8,general
2nd attempt contact,8,0,1.0,0.8,general
30p,8,0,1.0,0.8,general
57333,8,0,1.0,0.8,general
58888,8,0,1.0,0.8,general
70,8,0,1.0,0.8,general
action,8,0,1.0,0.8,general
bid,8,0,1.0,0.8,general
bulk,8,0,1.0,0.8,general
combo,8,0,1.0,0.8,general
contact todays,8,0,1.0,0.8,urgency
contact todays draw,8,0,1.0,0.8,urgency
contact won,8,0,1.0,0.8,general
credits,8,0,1.0,0.8,financial
dial 234,8,0,1.0,0.8,general
don miss,8,0,1.0,0.8,general
door step,8,0,1.0,0.8,general
eco,8,0,1.0,0.8,general
gift vouchers,8,0,1.0,0.8,general
handset,8,0,1.0,0.8,general
hrs video free,8,0,1.0,0.8,general
inclusive,8,0,1.0,0.8,general
just text,8,0,1.0,0.8,general
ke liye manya,8,0,1.0,0.8,general
kensington,8,0,1.0,0.8,general
liye manya,8,0,1.0,0.8,general
local national,8,0,1.0,0.8,general
mobileupd8 08000839402,8,0,1.0,0.8,general
music 87066,8,0,1.0,0.8,general
new delhi,8,0,1.0,0.8,general
new nokia,8,0,1.0,0.8,general
new year,8,0,1.0,0.8,general
number awarded,8,0,1.0,0.8,general
paayein,8,0,1.0,0.8,general
polys,8,0,1.0,0.8,general
poore,8,0,1.0,0.8,general
price rs,8,0,1.0,0.8,general
ramprastha,8,0,1.0,0.8,general
reply 24hrs know,8,0,1.0,0.8,urgency
revising,8,0,1.0,0.8,general
row w1j6hl,8,0,1.0,0.8,general
rs2 min,8,0,1.0,0.8,general
rs50,8,0,1.0,0.8,general
sms day,8,0,1.0,0.8,general
specially,8,0,1.0,0.8,general
stop texts 08712460324,8,0,1.0,0.8,general
supertech,8,0,1.0,0.8,general
texts 08712460324,8,0,1.0,0.8,general
todays draw,8,0,1.0,0.8,urgency
todays draw shows,8,0,1.0,0.8,urgency
trying contact todays,8,0,1.0,0.8,urgency
urgent mobile number,8,0,1.0,0.8,urgency
video free,8,0,1.0,0.8,general
video free blyk,8,0,1.0,0.8,general
video phone,8,0,1.0,0.8,general
w1j6hl,8,0,1.0,0.8,general
want know,8,0,1.0,0.8,urgency
way2sms com,8,0,1.0,0.8,general
week just,8,0,1.0,0.8,general
wide,8,0,1.0,0.8,general
wk txt,8,0,1.0,0.8,general
world class,8,0,1.0,0.8,general
yes replies,8,0,1.0,0.8,general
yes replies blyk,8,0,1.0,0.8,general
box,27,7,0.7941,0.7941,general
aap,23,6,0.7931,0.7931,general
ke,99,26,0.792,0.792,general
info,19,5,0.7917,0.7917,general
points,15,4,0.7895,0.7895,general
brand,11,3,0.7857,0.7857,general
enter,11,3,0.7857,0.7857,general
jan,11,3,0.7857,0.7857,general
speed,11,3,0.7857,0.7857,general
village,11,3,0.7857,0.7857,general
holiday,40,11,0.7843,0.7843,general
update,18,5,0.7826,0.7826,general
area,21,6,0.7778,0.7778,general
dance,14,4,0.7778,0.7778,general
information,14,4,0.7778,0.7778,general
pack,14,4,0.7778,0.7778,general
hurry,24,7,0.7742,0.7742,general
reply,187,55,0.7727,0.7727,general
balance,27,8,0.7714,0.7714,general
300,10,3,0.7692,0.7692,general
inch,10,3,0.7692,0.7692,general
njoy,10,3,0.7692,0.7692,general
pl,10,3,0.7692,0.7692,general
resume,10,3,0.7692,0.7692,general
sports,10,3,0.7692,0.7692,general
loan,23,7,0.7667,0.7667,general
player,13,4,0.7647,0.7647,general
min,74,23,0.7629,0.7629,general
road,34,11,0.7556,0.7556,general
won,74,24,0.7551,0.7551,general
mein,40,13,0.7547,0.7547,general
customer,43,14,0.7544,0.7544,general
30,53,18,0.7465,0.7465,general
collect,20,7,0.7407,0.7407,general
details,57,20,0.7403,0.7403,general
choose,34,12,0.7391,0.7391,general
business,14,5,0.7368,0.7368,general
city,14,5,0.7368,0.7368,general
opportunity,14,5,0.7368,0.7368,general
space,14,5,0.7368,0.7368,general
welcome,14,5,0.7368,0.7368,general
75,9,2,0.8182,0.7364,general
activate,9,2,0.8182,0.7364,general
app,9,2,0.8182,0.7364,general
fully,9,2,0.8182,0.7364,general
invest,9,2,0.8182,0.7364,general
pc,9,2,0.8182,0.7364,general
star,9,2,0.8182,0.7364,general
tak,25,9,0.7353,0.7353,general
calls,36,13,0.7347,0.7347,general
00,11,4,0.7333,0.7333,general
27,11,4,0.7333,0.7333,general
return,19,7,0.7308,0.7308,general
20,27,10,0.7297,0.7297,general
order,27,10,0.7297,0.7297,general
par,51,19,0.7286,0.7286,general
2nd,24,9,0.7273,0.7273,general
wk,26,10,0.7222,0.7222,general
gift,36,14,0.72,0.72,general
download,30,12,0.7143,0.7143,general
low,10,4,0.7143,0.7143,general
7pm,8,1,0.8889,0.7111,general
del,8,1,0.8889,0.7111,general
england,8,1,0.8889,0.7111,general
max,8,1,0.8889,0.7111,general
mth,8,1,0.8889,0.7111,general
nh,8,1,0.8889,0.7111,general
non,8,1,0.8889,0.7111,general
options,8,1,0.8889,0.7111,general
user,8,1,0.8889,0.7111,general
chat,39,16,0.7091,0.7091,general
sale,12,5,0.7059,0.7059,general
25,19,8,0.7037,0.7037,general
stop,121,51,0.7035,0.7035,general
10,73,31,0.7019,0.7019,general
join,28,12,0.7,0.7,general
hot,21,9,0.7,0.7,general
000 bonus,7,0,1.0,0.7,general
000 bonus caller,7,0,1.0,0.7,general
08000839402 call2optout,7,0,1.0,0.7,general
10 000,7,0,1.0,0.7,general
100 weekly,7,0,1.0,0.7,general
1000 cash 2000,7,0,1.0,0.7,general
121 toll,7,0,1.0,0.7,general
121 toll free,7,0,1.0,0.7,general
1st week,7,0,1.0,0.7,general
2004,7,0,1.0,0.7,general
24 hrs know,7,0,1.0,0.7,urgency
25p,7,0,1.0,0.7,general
2bhk,7,0,1.0,0.7,general
3030,7,0,1.0,0.7,general
3030 valid,7,0,1.0,0.7,general
3030 valid 12hrs,7,0,1.0,0.7,general
321,7,0,1.0,0.7,general
400,7,0,1.0,0.7,general
500 cd,7,0,1.0,0.7,general
500 pounds,7,0,1.0,0.7,general
5000 cash,7,0,1.0,0.7,general
54,7,0,1.0,0.7,general
54545,7,0,1.0,0.7,general
56161,7,0,1.0,0.7,general
567,7,0,1.0,0.7,general
60p min,7,0,1.0,0.7,general
750 anytime network,7,0,1.0,0.7,general
87077,7,0,1.0,0.7,general
99,7,0,1.0,0.7,general
admirer,7,0,1.0,0.7,general
age16,7,0,1.0,0.7,general
amenities,7,0,1.0,0.7,general
arcade kazi,7,0,1.0,0.7,general
arcade kazi road,7,0,1.0,0.7,general
await collection sae,7,0,1.0,0.7,general
awarded 2000,7,0,1.0,0.7,general
awarded 500 cd,7,0,1.0,0.7,general
balance currently,7,0,1.0,0.7,general
balance currently 500,7,0,1.0,0.7,general
bhk flat,7,0,1.0,0.7,general
bluetooth,7,0,1.0,0.7,general
brand new,7,0,1.0,0.7,general
bulk sms,7,0,1.0,0.7,general
cash 2000,7,0,1.0,0.7,general
cash balance,7,0,1.0,0.7,general
cash balance currently,7,0,1.0,0.7,general
cash send,7,0,1.0,0.7,general
claim 3030,7,0,1.0,0.7,general
claim 3030 valid,7,0,1.0,0.7,general
claim easy,7,0,1.0,0.7,general
collection sae,7,0,1.0,0.7,general
collection sae cs,7,0,1.0,0.7,general
comuk,7,0,1.0,0.7,general
cs apply,7,0,1.0,0.7,general
cs www,7,0,1.0,0.7,general
currently 500,7,0,1.0,0.7,general
custcare,7,0,1.0,0.7,general
cyberjob,7,0,1.0,0.7,general
delivered,7,0,1.0,0.7,general
delivery tomorrow,7,0,1.0,0.7,general
digital,7,0,1.0,0.7,general
dirty picture,7,0,1.0,0.7,general
draw txt,7,0,1.0,0.7,general
draw txt music,7,0,1.0,0.7,general
emi,7,0,1.0,0.7,general
fng,7,0,1.0,0.7,general
free aur,7,0,1.0,0.7,general
free camcorder,7,0,1.0,0.7,general
furnshd,7,0,1.0,0.7,general
gangtok,7,0,1.0,0.7,general
good luck,7,0,1.0,0.7,general
guaranteed 1000,7,0,1.0,0.7,general
guaranteed 1000 cash,7,0,1.0,0.7,general
hg,7,0,1.0,0.7,general
hg suite342,7,0,1.0,0.7,general
hg suite342 2lands,7,0,1.0,0.7,general
holiday 5000,7,0,1.0,0.7,general
holidays,7,0,1.0,0.7,general
home delivery,7,0,1.0,0.7,general
horny,7,0,1.0,0.7,general
hottest,7,0,1.0,0.7,general
hrs know,7,0,1.0,0.7,urgency
inaugural,7,0,1.0,0.7,general
income tax,7,0,1.0,0.7,general
jaankari,7,0,1.0,0.7,general
just pay,7,0,1.0,0.7,general
kapda,7,0,1.0,0.7,general
kewal,7,0,1.0,0.7,general
ldew,7,0,1.0,0.7,general
live operator,7,0,1.0,0.7,general
local national sms,7,0,1.0,0.7,general
lowest,7,0,1.0,0.7,general
luxurious,7,0,1.0,0.7,general
manya offer,7,0,1.0,0.7,general
maximize,7,0,1.0,0.7,general
maximize ur,7,0,1.0,0.7,general
maximize ur cash,7,0,1.0,0.7,general
mein talktime,7,0,1.0,0.7,general
meru,7,0,1.0,0.7,general
mobile number awarded,7,0,1.0,0.7,general
mobile par,7,0,1.0,0.7,general
new video phone,7,0,1.0,0.7,general
nimbus,7,0,1.0,0.7,general
nlimited,7,0,1.0,0.7,general
numbers ending,7,0,1.0,0.7,general
order sms,7,0,1.0,0.7,general
past life,7,0,1.0,0.7,general
presenting,7,0,1.0,0.7,general
prize claim easy,7,0,1.0,0.7,general
product,7,0,1.0,0.7,general
receive 350,7,0,1.0,0.7,general
reply yes,7,0,1.0,0.7,general
retail,7,0,1.0,0.7,general
reveal thinks,7,0,1.0,0.7,general
reward,7,0,1.0,0.7,general
ringtone order,7,0,1.0,0.7,general
rs 30,7,0,1.0,0.7,general
rs sms,7,0,1.0,0.7,general
rs5,7,0,1.0,0.7,general
rs650,7,0,1.0,0.7,general
secret admirer,7,0,1.0,0.7,general
singles,7,0,1.0,0.7,general
speak live,7,0,1.0,0.7,general
speak live operator,7,0,1.0,0.7,general
specially selected,7,0,1.0,0.7,general
specially selected receive,7,0,1.0,0.7,general
talktime 30,7,0,1.0,0.7,general
talktime 30 din,7,0,1.0,0.7,general
tariff,7,0,1.0,0.7,general
tax return,7,0,1.0,0.7,general
team agni,7,0,1.0,0.7,general
team agni 9212255555,7,0,1.0,0.7,general
tenerife,7,0,1.0,0.7,general
tenerife holiday,7,0,1.0,0.7,general
toll free aur,7,0,1.0,0.7,general
tone ur,7,0,1.0,0.7,general
txt music,7,0,1.0,0.7,general
txt music 87066,7,0,1.0,0.7,general
ur awarded 500,7,0,1.0,0.7,general
ur cash send,7,0,1.0,0.7,general
ur mates,7,0,1.0,0.7,general
usage,7,0,1.0,0.7,general
vibration,7,0,1.0,0.7,general
win 100,7,0,1.0,0.7,general
www cyberjob,7,0,1.0,0.7,general
www ldew,7,0,1.0,0.7,general
xway,7,0,1.0,0.7,general
tried,16,7,0.6957,0.6957,general
worth,34,15,0.6939,0.6939,general
pic,11,5,0.6875,0.6875,general
step,11,5,0.6875,0.6875,general
11,35,16,0.6863,0.6863,general
bank,28,13,0.6829,0.6829,financial
course,28,13,0.6829,0.6829,general
line,30,14,0.6818,0.6818,general
credit,15,7,0.6818,0.6818,financial
available,34,16,0.68,0.68,general
save,19,9,0.6786,0.6786,general
past,23,11,0.6765,0.6765,general
26,9,3,0.75,0.675,general
currently,9,3,0.75,0.675,general
jobs,9,3,0.75,0.675,general
surfing,9,3,0.75,0.675,general
pe,24,12,0.6667,0.6667,general
texts,18,9,0.6667,0.6667,general
extra,16,8,0.6667,0.6667,general
anytime,14,7,0.6667,0.6667,general
age,12,6,0.6667,0.6667,general
option,12,6,0.6667,0.6667,general
new,156,81,0.6582,0.6582,general
feb,11,6,0.6471,0.6471,general
high,11,6,0.6471,0.6471,general
ka,60,33,0.6452,0.6452,general
court,8,2,0.8,0.64,general
ending,8,2,0.8,0.64,general
fresh,8,2,0.8,0.64,general
goto,8,2,0.8,0.64,general
login,8,2,0.8,0.64,general
monthly,8,2,0.8,0.64,general
naam,8,2,0.8,0.64,general
racing,8,2,0.8,0.64,general
team,21,12,0.6364,0.6364,general
starting,14,8,0.6364,0.6364,general
live,47,27,0.6351,0.6351,general
cost,26,15,0.6341,0.6341,general
net,17,10,0.6296,0.6296,general
aur,60,36,0.625,0.625,general
deal,15,9,0.625,0.625,general
sexy,15,9,0.625,0.625,general
govt,9,4,0.6923,0.6231,general
rush,9,4,0.6923,0.6231,general
secret,9,4,0.6923,0.6231,general
cup,16,10,0.6154,0.6154,general
111,7,1,0.875,0.6125,general
23,7,1,0.875,0.6125,general
assistance,7,1,0.875,0.6125,general
dosti,7,1,0.875,0.6125,general
icici,7,1,0.875,0.6125,general
mega,7,1,0.875,0.6125,general
products,7,1,0.875,0.6125,general
txting,7,1,0.875,0.6125,general
vs,7,1,0.875,0.6125,general
insurance,11,7,0.6111,0.6111,general
mins,36,23,0.6102,0.6102,general
account,27,18,0.6,0.6,general
sirf,18,12,0.6,0.6,general
double,12,8,0.6,0.6,general
08712300220,6,0,1.0,0.6,general
08718720201,6,0,1.0,0.6,general
10 000 cash,6,0,1.0,0.6,general
10k,6,0,1.0,0.6,general
10kb,6,0,1.0,0.6,general
11 04,6,0,1.0,0.6,general
11mths,6,0,1.0,0.6,general
131,6,0,1.0,0.6,general
131 noida,6,0,1.0,0.6,general
131 noida xway,6,0,1.0,0.6,general
20 lac,6,0,1.0,0.6,general
20p,6,0,1.0,0.6,general
20p min,6,0,1.0,0.6,general
37,6,0,1.0,0.6,general
500 pounds maximize,6,0,1.0,0.6,general
5499,6,0,1.0,0.6,general
5512111,6,0,1.0,0.6,general
5512111 rs2,6,0,1.0,0.6,general
5512111 rs2 min,6,0,1.0,0.6,general
5667,6,0,1.0,0.6,general
56767,6,0,1.0,0.6,general
62222222,6,0,1.0,0.6,general
62468,6,0,1.0,0.6,general
69,6,0,1.0,0.6,general
86688 150p msg,6,0,1.0,0.6,general
aap mujhse,6,0,1.0,0.6,general
aap mujhse dosti,6,0,1.0,0.6,general
account statement shows,6,0,1.0,0.6,general
acha lagta,6,0,1.0,0.6,general
acha lagta hai,6,0,1.0,0.6,general
acres,6,0,1.0,0.6,general
admirer looking,6,0,1.0,0.6,general
admirer looking make,6,0,1.0,0.6,general
affordable,6,0,1.0,0.6,general
al inclusve,6,0,1.0,0.6,general
apprtmnt,6,0,1.0,0.6,general
appts,6,0,1.0,0.6,general
arsenal,6,0,1.0,0.6,general
aur eco,6,0,1.0,0.6,general
aur eco village,6,0,1.0,0.6,general
aur payein,6,0,1.0,0.6,general
aur rs,6,0,1.0,0.6,general
banking,6,0,1.0,0.6,financial
best deals,6,0,1.0,0.6,general
biz,6,0,1.0,0.6,general
blvrd,6,0,1.0,0.6,general
blvrd sec,6,0,1.0,0.6,general
blvrd sec 131,6,0,1.0,0.6,general
bsp,6,0,1.0,0.6,general
builder,6,0,1.0,0.6,general
caller prize 02,6,0,1.0,0.6,general
calls ke,6,0,1.0,0.6,general
calls par,6,0,1.0,0.6,general
calls par manya,6,0,1.0,0.6,general
cc,6,0,1.0,0.6,general
charged 50,6,0,1.0,0.6,general
chat 86688,6,0,1.0,0.6,general
choose option,6,0,1.0,0.6,general
chrgs,6,0,1.0,0.6,general
congratulations ur,6,0,1.0,0.6,general
congratulations ur awarded,6,0,1.0,0.6,general
connected,6,0,1.0,0.6,general
connectivity,6,0,1.0,0.6,general
contact reveal,6,0,1.0,0.6,general
contact reveal thinks,6,0,1.0,0.6,general
contest,6,0,1.0,0.6,general
cost 50,6,0,1.0,0.6,general
currently 500 pounds,6,0,1.0,0.6,general
customer service representative,6,0,1.0,0.6,general
cyberjob sent,6,0,1.0,0.6,general
cyberjob sent 4rm,6,0,1.0,0.6,general
dance karna,6,0,1.0,0.6,general
dance karna acha,6,0,1.0,0.6,general
data card,6,0,1.0,0.6,general
dear voucher,6,0,1.0,0.6,general
dear voucher holder,6,0,1.0,0.6,general
delhi ncr,6,0,1.0,0.6,general
dhamaka,6,0,1.0,0.6,general
dial 5512111,6,0,1.0,0.6,general
dial 5512111 rs2,6,0,1.0,0.6,general
din mein,6,0,1.0,0.6,general
dosti karoge,6,0,1.0,0.6,general
dosti karoge dial,6,0,1.0,0.6,general
download content,6,0,1.0,0.6,general
dream home noida,6,0,1.0,0.6,general
earn rs,6,0,1.0,0.6,general
eco village,6,0,1.0,0.6,general
enjoy unlimited,6,0,1.0,0.6,general
entry 100,6,0,1.0,0.6,general
flights,6,0,1.0,0.6,general
free 1st,6,0,1.0,0.6,general
free 1st week,6,0,1.0,0.6,general
free camcorder reply,6,0,1.0,0.6,general
free entry 100,6,0,1.0,0.6,general
free mobile,6,0,1.0,0.6,general
getzed,6,0,1.0,0.6,general
getzed uk,6,0,1.0,0.6,general
ghante mein talktime,6,0,1.0,0.6,general
gift voucher,6,0,1.0,0.6,general
hai kya,6,0,1.0,0.6,general
hai kya aap,6,0,1.0,0.6,general
half price line,6,0,1.0,0.6,general
handling,6,0,1.0,0.6,general
handling charges,6,0,1.0,0.6,general
herbal,6,0,1.0,0.6,general
holder,6,0,1.0,0.6,general
holiday 10,6,0,1.0,0.6,general
holiday 10 000,6,0,1.0,0.6,general
home noida,6,0,1.0,0.6,general
important information,6,0,1.0,0.6,general
inclusve,6,0,1.0,0.6,general
income tax return,6,0,1.0,0.6,general
internet dial,6,0,1.0,0.6,general
internet dial 234,6,0,1.0,0.6,general
jaankari ke,6,0,1.0,0.6,general
jaankari ke liye,6,0,1.0,0.6,general
jana dance,6,0,1.0,0.6,general
jana dance karna,6,0,1.0,0.6,general
just pay rs,6,0,1.0,0.6,general
kapda aur,6,0,1.0,0.6,general
kapda aur eco,6,0,1.0,0.6,general
karna acha,6,0,1.0,0.6,general
karna acha lagta,6,0,1.0,0.6,general
karoge dial,6,0,1.0,0.6,general
karoge dial 5512111,6,0,1.0,0.6,general
ke liye calls,6,0,1.0,0.6,general
kensington blvrd,6,0,1.0,0.6,general
kensington blvrd sec,6,0,1.0,0.6,general
kitchen,6,0,1.0,0.6,general
kya aap,6,0,1.0,0.6,general
kya aap mujhse,6,0,1.0,0.6,general
lagta,6,0,1.0,0.6,general
lagta hai,6,0,1.0,0.6,general
lagta hai kya,6,0,1.0,0.6,general
ldn,6,0,1.0,0.6,general
line claim 3030,6,0,1.0,0.6,general
live operator claim,6,0,1.0,0.6,general
liverpool,6,0,1.0,0.6,general
liye calls,6,0,1.0,0.6,general
liye calls par,6,0,1.0,0.6,general
local std,6,0,1.0,0.6,general
locations,6,0,1.0,0.6,general
log fantastic,6,0,1.0,0.6,general
logon,6,0,1.0,0.6,general
looking make,6,0,1.0,0.6,general
looking make contact,6,0,1.0,0.6,general
loyalty,6,0,1.0,0.6,general
lucky day,6,0,1.0,0.6,general
make contact,6,0,1.0,0.6,general
make contact reveal,6,0,1.0,0.6,general
marg,6,0,1.0,0.6,general
mens,6,0,1.0,0.6,general
mera naam,6,0,1.0,0.6,general
mera naam hai,6,0,1.0,0.6,general
metro statn,6,0,1.0,0.6,general
min stop,6,0,1.0,0.6,general
min stop texts,6,0,1.0,0.6,general
mobile charged,6,0,1.0,0.6,general
mobileupd8 08000839402 call2optout,6,0,1.0,0.6,general
mujhe party,6,0,1.0,0.6,general
mujhe party jana,6,0,1.0,0.6,general
mujhse,6,0,1.0,0.6,general
mujhse dosti,6,0,1.0,0.6,general
mujhse dosti karoge,6,0,1.0,0.6,general
naam hai,6,0,1.0,0.6,general
national sms day,6,0,1.0,0.6,general
noida xprsway,6,0,1.0,0.6,general
noida xway,6,0,1.0,0.6,general
noida xway combo,6,0,1.0,0.6,general
non stop,6,0,1.0,0.6,general
ntt,6,0,1.0,0.6,general
ntt po,6,0,1.0,0.6,general
ntt po box,6,0,1.0,0.6,general
number awarded 2000,6,0,1.0,0.6,general
o2,6,0,1.0,0.6,general
office space,6,0,1.0,0.6,general
operator claim,6,0,1.0,0.6,general
paisa,6,0,1.0,0.6,general
paisa sms,6,0,1.0,0.6,general
par manya,6,0,1.0,0.6,general
par manya offer,6,0,1.0,0.6,general
par talktime,6,0,1.0,0.6,general
par talktime recharge,6,0,1.0,0.6,general
paramount,6,0,1.0,0.6,general
party jana,6,0,1.0,0.6,general
party jana dance,6,0,1.0,0.6,general
pocket,6,0,1.0,0.6,general
pocket internet,6,0,1.0,0.6,general
pocket internet dial,6,0,1.0,0.6,general
pounds maximize,6,0,1.0,0.6,general
pounds maximize ur,6,0,1.0,0.6,general
price line,6,0,1.0,0.6,general
price line rental,6,0,1.0,0.6,general
prize 02,6,0,1.0,0.6,general
prsnts,6,0,1.0,0.6,general
racing track,6,0,1.0,0.6,general
receive 350 award,6,0,1.0,0.6,general
recharge par talktime,6,0,1.0,0.6,general
representative,6,0,1.0,0.6,general
reveal thinks ur,6,0,1.0,0.6,general
revising soon,6,0,1.0,0.6,general
roti,6,0,1.0,0.6,general
roti kapda,6,0,1.0,0.6,general
rs 100,6,0,1.0,0.6,general
rs3,6,0,1.0,0.6,general
rs444,6,0,1.0,0.6,general
rs75,6,0,1.0,0.6,general
rs999,6,0,1.0,0.6,general
sabhi,6,0,1.0,0.6,general
save upto,6,0,1.0,0.6,general
sec 131,6,0,1.0,0.6,general
sec 131 noida,6,0,1.0,0.6,general
sec137,6,0,1.0,0.6,general
secret admirer looking,6,0,1.0,0.6,general
sep,6,0,1.0,0.6,general
service representative,6,0,1.0,0.6,general
sf,6,0,1.0,0.6,general
skills,6,0,1.0,0.6,general
skyz,6,0,1.0,0.6,general
sms ur,6,0,1.0,0.6,general
standard,6,0,1.0,0.6,general
statement shows,6,0,1.0,0.6,general
statement shows 800,6,0,1.0,0.6,general
statn,6,0,1.0,0.6,general
stop send,6,0,1.0,0.6,general
stop send stop,6,0,1.0,0.6,general
tak manya,6,0,1.0,0.6,general
talktime recharge par,6,0,1.0,0.6,general
technology,6,0,1.0,0.6,general
text yes,6,0,1.0,0.6,general
thanks ringtone,6,0,1.0,0.6,general
thanks ringtone order,6,0,1.0,0.6,general
thinks ur,6,0,1.0,0.6,general
thinks ur special,6,0,1.0,0.6,general
unitech,6,0,1.0,0.6,general
ur cash balance,6,0,1.0,0.6,general
ur special,6,0,1.0,0.6,general
vettel,6,0,1.0,0.6,general
villa,6,0,1.0,0.6,general
voucher holder,6,0,1.0,0.6,general
week just txt,6,0,1.0,0.6,general
weekly draw,6,0,1.0,0.6,general
weight loss,6,0,1.0,0.6,general
won guaranteed 1000,6,0,1.0,0.6,general
www cyberjob sent,6,0,1.0,0.6,general
xpandabl,6,0,1.0,0.6,general
xway combo,6,0,1.0,0.6,general
yes reply 24hrs,6,0,1.0,0.6,general
text,105,73,0.5899,0.5899,general
chance,27,19,0.587,0.587,general
date,21,15,0.5833,0.5833,general
xmas,14,10,0.5833,0.5833,general
express,8,3,0.7273,0.5818,general
june,8,3,0.7273,0.5818,general
mates,8,3,0.7273,0.5818,general
score,8,3,0.7273,0.5818,general
size,8,3,0.7273,0.5818,general
super,8,3,0.7273,0.5818,general
india,40,29,0.5797,0.5797,general
card,22,16,0.5789,0.5789,general
style,11,8,0.5789,0.5789,general
weeks,11,8,0.5789,0.5789,general
experience,9,5,0.6429,0.5786,general
fancy,9,5,0.6429,0.5786,general
women,9,5,0.6429,0.5786,general
charge,15,11,0.5769,0.5769,general
din,31,23,0.5741,0.5741,general
messages,16,12,0.5714,0.5714,general
near,16,12,0.5714,0.5714,general
apne,12,9,0.5714,0.5714,general
log,12,9,0.5714,0.5714,general
pay,49,37,0.5698,0.5698,general
book,29,22,0.5686,0.5686,general
ab,13,10,0.5652,0.5652,general
play,27,21,0.5625,0.5625,general
word,24,19,0.5581,0.5581,general
men,10,8,0.5556,0.5556,general
pics,10,8,0.5556,0.5556,general
laptop,16,13,0.5517,0.5517,general
news,16,13,0.5517,0.5517,general
hain,11,9,0.55,0.55,general
pm,17,14,0.5484,0.5484,general
al,24,20,0.5455,0.5455,general
league,7,2,0.7778,0.5444,general
range,7,2,0.7778,0.5444,general
sony,7,2,0.7778,0.5444,general
sp,7,2,0.7778,0.5444,general
west,7,2,0.7778,0.5444,general
dream,19,16,0.5429,0.5429,general
lucky,13,11,0.5417,0.5417,general
numbers,9,6,0.6,0.54,general
sex,9,6,0.6,0.54,general
track,9,6,0.6,0.54,general
special,34,29,0.5397,0.5397,general
12,21,18,0.5385,0.5385,general
door,14,12,0.5385,0.5385,general
song,15,13,0.5357,0.5357,general
market,8,4,0.6667,0.5333,general
days,49,43,0.5326,0.5326,general
easy,17,15,0.5312,0.5312,general
group,10,9,0.5263,0.5263,general
minute,10,9,0.5263,0.5263,general
tickets,10,9,0.5263,0.5263,general
movies,11,10,0.5238,0.5238,general
way2sms,12,11,0.5217,0.5217,general
best,65,61,0.5159,0.5159,general
17,6,1,0.8571,0.5143,general
22,6,1,0.8571,0.5143,general
arrive,6,1,0.8571,0.5143,general
dvd,6,1,0.8571,0.5143,general
java,6,1,0.8571,0.5143,general
karoge,6,1,0.8571,0.5143,general
mnths,6,1,0.8571,0.5143,general
opp,6,1,0.8571,0.5143,general
profit,6,1,0.8571,0.5143,general
reduce,6,1,0.8571,0.5143,general
registration,6,1,0.8571,0.5143,general
retailer,6,1,0.8571,0.5143,general
secure,6,1,0.8571,0.5143,general
skin,6,1,0.8571,0.5143,general
spanish,6,1,0.8571,0.5143,general
sport,6,1,0.8571,0.5143,general
project,18,18,0.5,0.5,general
hours,16,16,0.5,0.5,general
months,11,11,0.5,0.5,general
000 cash await,5,0,1.0,0.5,general
05,5,0,1.0,0.5,general
06 03,5,0,1.0,0.5,general
06 03 2nd,5,0,1.0,0.5,general
08 1975,5,0,1.0,0.5,general
08 1975 55352,5,0,1.0,0.5,general
0870,5,0,1.0,0.5,general
08712300220 quoting,5,0,1.0,0.5,general
08712300220 quoting claim,5,0,1.0,0.5,general
0km,5,0,1.0,0.5,general
10 04,5,0,1.0,0.5,general
100 free,5,0,1.0,0.5,general
100 weekly draw,5,0,1.0,0.5,general
10p minute,5,0,1.0,0.5,general
10p minute bt,5,0,1.0,0.5,general
11 tak,5,0,1.0,0.5,general
12hrs 150ppm,5,0,1.0,0.5,general
137,5,0,1.0,0.5,general
15 08,5,0,1.0,0.5,general
15 08 1975,5,0,1.0,0.5,general
15 75,5,0,1.0,0.5,general
15 75 lac,5,0,1.0,0.5,general
1500,5,0,1.0,0.5,general
150p msg cc,5,0,1.0,0.5,general
1575,5,0,1.0,0.5,general
1575 2200,5,0,1.0,0.5,general
16 20,5,0,1.0,0.5,general
16 20 lac,5,0,1.0,0.5,general
18 www,5,0,1.0,0.5,general
1975,5,0,1.0,0.5,general
1975 55352,5,0,1.0,0.5,general
1975 55352 rs,5,0,1.0,0.5,general
20 lac dp,5,0,1.0,0.5,general
2200,5,0,1.0,0.5,general
2400,5,0,1.0,0.5,general
250 cash,5,0,1.0,0.5,general
250 cash wk,5,0,1.0,0.5,general
27 lac,5,0,1.0,0.5,general
2nd attempt reach,5,0,1.0,0.5,general
2nd time,5,0,1.0,0.5,general
2nd time tried,5,0,1.0,0.5,general
2optout,5,0,1.0,0.5,general
32,5,0,1.0,0.5,general
40gb,5,0,1.0,0.5,general
40gb ipod,5,0,1.0,0.5,technical
4rm 160by2 com,5,0,1.0,0.5,general
50 msg,5,0,1.0,0.5,general
50 tone,5,0,1.0,0.5,general
50 tone arrive,5,0,1.0,0.5,general
500 cd gift,5,0,1.0,0.5,general
500 free,5,0,1.0,0.5,general
500 local,5,0,1.0,0.5,general
500 local national,5,0,1.0,0.5,general
50000,5,0,1.0,0.5,general
52424,5,0,1.0,0.5,general
52424 tnc,5,0,1.0,0.5,general
53030,5,0,1.0,0.5,general
53636,5,0,1.0,0.5,general
53636 tnc,5,0,1.0,0.5,general
55352 ex,5,0,1.0,0.5,general
55352 ex sms,5,0,1.0,0.5,general
55352 rs,5,0,1.0,0.5,general
55352 rs sms,5,0,1.0,0.5,general
75 lac,5,0,1.0,0.5,general
75 lac al,5,0,1.0,0.5,general
7pm cost,5,0,1.0,0.5,general
7pm cost 10p,5,0,1.0,0.5,general
800 prize,5,0,1.0,0.5,general
800 prize guaranteed,5,0,1.0,0.5,general
80062,5,0,1.0,0.5,general
80488,5,0,1.0,0.5,general
82277,5,0,1.0,0.5,general
900 prize,5,0,1.0,0.5,general
9212,5,0,1.0,0.5,general
9268250573,5,0,1.0,0.5,general
activation,5,0,1.0,0.5,general
announces,5,0,1.0,0.5,general
ansal,5,0,1.0,0.5,general
apartments,5,0,1.0,0.5,general
apne mobile,5,0,1.0,0.5,general
appin,5,0,1.0,0.5,general
apprtmnt sec137,5,0,1.0,0.5,general
apprtmnt sec137 noida,5,0,1.0,0.5,general
arrive customer,5,0,1.0,0.5,general
arrive customer services,5,0,1.0,0.5,general
assured return,5,0,1.0,0.5,general
attempt reach,5,0,1.0,0.5,general
awarded 2000 prize,5,0,1.0,0.5,general
ayurvedic,5,0,1.0,0.5,general
beachside,5,0,1.0,0.5,general
belt rs650,5,0,1.0,0.5,general
belt rs999,5,0,1.0,0.5,general
benetton,5,0,1.0,0.5,general
best price,5,0,1.0,0.5,general
bhejein,5,0,1.0,0.5,general
bhkapts,5,0,1.0,0.5,general
bollywood,5,0,1.0,0.5,general
booking open,5,0,1.0,0.5,general
bose,5,0,1.0,0.5,general
browsing,5,0,1.0,0.5,general
bulk sms paisa,5,0,1.0,0.5,general
buy free,5,0,1.0,0.5,general
calls ke liye,5,0,1.0,0.5,general
camera phones,5,0,1.0,0.5,general
cash wk,5,0,1.0,0.5,general
cash wk txt,5,0,1.0,0.5,general
cc 08718720201,5,0,1.0,0.5,general
cd gift,5,0,1.0,0.5,general
cd gift vouchers,5,0,1.0,0.5,general
cds,5,0,1.0,0.5,general
center fresh,5,0,1.0,0.5,general
charged 50 tone,5,0,1.0,0.5,general
claim free,5,0,1.0,0.5,general
clinic,5,0,1.0,0.5,general
connected aircel,5,0,1.0,0.5,general
contacted,5,0,1.0,0.5,general
contacted dating,5,0,1.0,0.5,general
contacted dating service,5,0,1.0,0.5,general
cost 10p,5,0,1.0,0.5,general
course extn,5,0,1.0,0.5,general
customer service announcement,5,0,1.0,0.5,general
dda,5,0,1.0,0.5,general
dial karein 321,5,0,1.0,0.5,general
digital camera,5,0,1.0,0.5,general
discounts,5,0,1.0,0.5,general
dont miss,5,0,1.0,0.5,general
draw 100,5,0,1.0,0.5,general
easy just,5,0,1.0,0.5,general
ec2a,5,0,1.0,0.5,general
entitled,5,0,1.0,0.5,general
ex sms,5,0,1.0,0.5,general
ex sms past,5,0,1.0,0.5,general
fantastic surprise,5,0,1.0,0.5,general
fantastic surprise awaiting,5,0,1.0,0.5,general
fat inch,5,0,1.0,0.5,general
federer,5,0,1.0,0.5,general
fee,5,0,1.0,0.5,general
final attempt,5,0,1.0,0.5,general
final attempt contact,5,0,1.0,0.5,general
flag,5,0,1.0,0.5,general
free home,5,0,1.0,0.5,general
free home delivery,5,0,1.0,0.5,general
free msg,5,0,1.0,0.5,general
free ringtone,5,0,1.0,0.5,general
friend reply,5,0,1.0,0.5,general
friend reply yes,5,0,1.0,0.5,general
frnd 62468,5,0,1.0,0.5,general
fully furnshd,5,0,1.0,0.5,general
fully furnshd service,5,0,1.0,0.5,general
furnshd service,5,0,1.0,0.5,general
furnshd service apprtmnt,5,0,1.0,0.5,general
golf course extn,5,0,1.0,0.5,general
golf plots,5,0,1.0,0.5,general
handset 750,5,0,1.0,0.5,general
hdfc,5,0,1.0,0.5,general
hdfc bank,5,0,1.0,0.5,financial
heri,5,0,1.0,0.5,general
heri mkt,5,0,1.0,0.5,general
heri mkt paschim,5,0,1.0,0.5,general
holder claim,5,0,1.0,0.5,general
holi,5,0,1.0,0.5,general
immediately urgent,5,0,1.0,0.5,urgency
immediately urgent message,5,0,1.0,0.5,urgency
inside past,5,0,1.0,0.5,general
inside past sms,5,0,1.0,0.5,general
inviting,5,0,1.0,0.5,general
inviting friend,5,0,1.0,0.5,general
inviting friend reply,5,0,1.0,0.5,general
ip 54999,5,0,1.0,0.5,technical
join uk,5,0,1.0,0.5,general
just arrived,5,0,1.0,0.5,general
kare 9212,5,0,1.0,0.5,general
karein 121,5,0,1.0,0.5,general
karein 321,5,0,1.0,0.5,general
karolbagh,5,0,1.0,0.5,general
ke saath,5,0,1.0,0.5,general
lac dp,5,0,1.0,0.5,general
lac onwards,5,0,1.0,0.5,general
landline complimentary,5,0,1.0,0.5,general
latest colour,5,0,1.0,0.5,general
latest motorola,5,0,1.0,0.5,general
launched,5,0,1.0,0.5,general
life inside,5,0,1.0,0.5,general
life inside past,5,0,1.0,0.5,general
liye kare 9212,5,0,1.0,0.5,general
log fantastic surprise,5,0,1.0,0.5,general
log www,5,0,1.0,0.5,general
logix,5,0,1.0,0.5,general
marketing,5,0,1.0,0.5,general
master,5,0,1.0,0.5,general
match 08712300220,5,0,1.0,0.5,general
match 08712300220 quoting,5,0,1.0,0.5,general
mein talktime 30,5,0,1.0,0.5,general
message waiting,5,0,1.0,0.5,general
mins half,5,0,1.0,0.5,general
mins half price,5,0,1.0,0.5,general
mins unlimited,5,0,1.0,0.5,general
mins unlimited text,5,0,1.0,0.5,general
minute bt,5,0,1.0,0.5,general
minute bt national,5,0,1.0,0.5,general
mkt,5,0,1.0,0.5,general
mkt paschim,5,0,1.0,0.5,general
mob week,5,0,1.0,0.5,general
mob week just,5,0,1.0,0.5,general
mobile 10,5,0,1.0,0.5,general
mobile charged 50,5,0,1.0,0.5,general
mobile content,5,0,1.0,0.5,general
mobile free,5,0,1.0,0.5,general
mobile office,5,0,1.0,0.5,general
mobile phone,5,0,1.0,0.5,general
modular,5,0,1.0,0.5,general
motorola sonyericsson,5,0,1.0,0.5,general
mrapali,5,0,1.0,0.5,general
mrp rs,5,0,1.0,0.5,general
msg cc,5,0,1.0,0.5,general
mtr,5,0,1.0,0.5,general
musstbuy,5,0,1.0,0.5,general
ncr rs50,5,0,1.0,0.5,general
ncr rs50 extra,5,0,1.0,0.5,general
network mins half,5,0,1.0,0.5,general
noida way,5,0,1.0,0.5,general
noida xprsway 15,5,0,1.0,0.5,general
nokia free,5,0,1.0,0.5,general
nokia tone,5,0,1.0,0.5,general
nokia tone ur,5,0,1.0,0.5,general
nov,5,0,1.0,0.5,general
number won,5,0,1.0,0.5,general
offer ends,5,0,1.0,0.5,general
offer new,5,0,1.0,0.5,general
offer price,5,0,1.0,0.5,general
offers mobile,5,0,1.0,0.5,general
pan card,5,0,1.0,0.5,general
paras tierea fully,5,0,1.0,0.5,general
paschim,5,0,1.0,0.5,general
passport assistance,5,0,1.0,0.5,general
past 15,5,0,1.0,0.5,general
past 15 08,5,0,1.0,0.5,general
past life inside,5,0,1.0,0.5,general
past sms,5,0,1.0,0.5,general
past sms past,5,0,1.0,0.5,general
phase,5,0,1.0,0.5,general
phones free,5,0,1.0,0.5,general
price revising,5,0,1.0,0.5,general
prize customer,5,0,1.0,0.5,general
promo,5,0,1.0,0.5,general
properties,5,0,1.0,0.5,general
quoting,5,0,1.0,0.5,general
quoting claim,5,0,1.0,0.5,general
quoting claim code,5,0,1.0,0.5,general
rate revsng,5,0,1.0,0.5,general
rate revsng soon,5,0,1.0,0.5,general
rcvd,5,0,1.0,0.5,general
re1,5,0,1.0,0.5,general
receive 1000,5,0,1.0,0.5,general
recharge pe,5,0,1.0,0.5,general
recipes,5,0,1.0,0.5,technical
recommends,5,0,1.0,0.5,general
reebok,5,0,1.0,0.5,general
ref,5,0,1.0,0.5,general
reply 24 hours,5,0,1.0,0.5,general
reply free,5,0,1.0,0.5,general
resi,5,0,1.0,0.5,general
residential plots,5,0,1.0,0.5,general
revsng,5,0,1.0,0.5,general
revsng soon,5,0,1.0,0.5,general
revsng soon xperience,5,0,1.0,0.5,general
roti kapda aur,5,0,1.0,0.5,general
rs 13,5,0,1.0,0.5,general
rs 250,5,0,1.0,0.5,general
rs 5000,5,0,1.0,0.5,general
rs 999,5,0,1.0,0.5,general
rs25,5,0,1.0,0.5,general
rs30,5,0,1.0,0.5,general
rs40,5,0,1.0,0.5,general
rs50 extra,5,0,1.0,0.5,general
safari,5,0,1.0,0.5,general
se recharge,5,0,1.0,0.5,general
se recharge karein,5,0,1.0,0.5,general
sebastian,5,0,1.0,0.5,general
sebastian vettel,5,0,1.0,0.5,general
sec137 noida,5,0,1.0,0.5,general
sec137 noida xprsway,5,0,1.0,0.5,general
seen tv,5,0,1.0,0.5,general
selected receive 1000,5,0,1.0,0.5,general
selected receive 350,5,0,1.0,0.5,general
send stop frnd,5,0,1.0,0.5,general
sent direct,5,0,1.0,0.5,general
service announcement,5,0,1.0,0.5,general
service apprtmnt,5,0,1.0,0.5,general
service apprtmnt sec137,5,0,1.0,0.5,general
shopping spree,5,0,1.0,0.5,general
shows won 800,5,0,1.0,0.5,general
slim belt rs650,5,0,1.0,0.5,general
sms paisa,5,0,1.0,0.5,general
sms paisa sms,5,0,1.0,0.5,general
sms past 15,5,0,1.0,0.5,general
sonyericsson,5,0,1.0,0.5,general
soon xperience,5,0,1.0,0.5,general
soon xperience beachside,5,0,1.0,0.5,general
spree,5,0,1.0,0.5,general
standard rates,5,0,1.0,0.5,general
stay connected,5,0,1.0,0.5,general
stay connected aircel,5,0,1.0,0.5,general
step service,5,0,1.0,0.5,general
stop end,5,0,1.0,0.5,general
stop frnd,5,0,1.0,0.5,general
stop frnd 62468,5,0,1.0,0.5,general
submit,5,0,1.0,0.5,general
supertch,5,0,1.0,0.5,general
supertch holiday,5,0,1.0,0.5,general
surfing charges,5,0,1.0,0.5,general
surprise awaiting,5,0,1.0,0.5,general
talk time,5,0,1.0,0.5,general
themob,5,0,1.0,0.5,general
tierea fully,5,0,1.0,0.5,general
tierea fully furnshd,5,0,1.0,0.5,general
time tried,5,0,1.0,0.5,general
time tried contact,5,0,1.0,0.5,general
tnc apply,5,0,1.0,0.5,general
tncs,5,0,1.0,0.5,general
today lucky,5,0,1.0,0.5,urgency
today lucky day,5,0,1.0,0.5,urgency
todays voda,5,0,1.0,0.5,urgency
todays voda numbers,5,0,1.0,0.5,urgency
tollfree,5,0,1.0,0.5,general
tone 16,5,0,1.0,0.5,general
tone arrive,5,0,1.0,0.5,general
tone arrive customer,5,0,1.0,0.5,general
tone ur mob,5,0,1.0,0.5,general
township,5,0,1.0,0.5,technical
tried contact won,5,0,1.0,0.5,general
ts cs www,5,0,1.0,0.5,general
twilight,5,0,1.0,0.5,general
txt chat,5,0,1.0,0.5,general
txt chat 86688,5,0,1.0,0.5,general
txtauction,5,0,1.0,0.5,general
unlimited text,5,0,1.0,0.5,general
update latest,5,0,1.0,0.5,general
upto 40,5,0,1.0,0.5,general
ur friends,5,0,1.0,0.5,general
ur mob week,5,0,1.0,0.5,general
urgent message,5,0,1.0,0.5,urgency
urgent message waiting,5,0,1.0,0.5,urgency
valid 12hrs 150ppm,5,0,1.0,0.5,general
valid till,5,0,1.0,0.5,general
validity 30,5,0,1.0,0.5,general
video handset,5,0,1.0,0.5,general
video handset 750,5,0,1.0,0.5,general
villas yamuna,5,0,1.0,0.5,general
voda,5,0,1.0,0.5,general
voda numbers,5,0,1.0,0.5,general
voda numbers ending,5,0,1.0,0.5,general
voucher holder claim,5,0,1.0,0.5,general
w1,5,0,1.0,0.5,general
want new video,5,0,1.0,0.5,general
web,5,0,1.0,0.5,general
weekly comp,5,0,1.0,0.5,general
weekly draw txt,5,0,1.0,0.5,general
win free,5,0,1.0,0.5,general
won 800,5,0,1.0,0.5,general
won 800 prize,5,0,1.0,0.5,general
work home,5,0,1.0,0.5,general
wrist,5,0,1.0,0.5,general
wrist watch,5,0,1.0,0.5,general
www getzed,5,0,1.0,0.5,general
www getzed uk,5,0,1.0,0.5,general
www sms,5,0,1.0,0.5,general
www sms ac,5,0,1.0,0.5,general
xpandabl villas,5,0,1.0,0.5,general
xpandabl villas yamuna,5,0,1.0,0.5,general
xperience,5,0,1.0,0.5,general
xperience beachside,5,0,1.0,0.5,general
xpresway,5,0,1.0,0.5,general
xprsway 15,5,0,1.0,0.5,general
xprsway 15 75,5,0,1.0,0.5,general
yamuna xprsway,5,0,1.0,0.5,general
yes interactions,5,0,1.0,0.5,general
yes interactions blyk,5,0,1.0,0.5,general
zed,5,0,1.0,0.5,general
connection,8,5,0.6154,0.4923,general
dirty,8,5,0.6154,0.4923,general
hotel,8,5,0.6154,0.4923,general
link,8,5,0.6154,0.4923,general
quality,8,5,0.6154,0.4923,general
rd,8,5,0.6154,0.4923,general
tt,8,5,0.6154,0.4923,general
09,7,3,0.7,0.49,general
passport,7,3,0.7,0.49,general
saath,7,3,0.7,0.49,general
tv,21,22,0.4884,0.4884,general
open,18,19,0.4865,0.4865,general
game,13,14,0.4815,0.4815,general
till,22,24,0.4783,0.4783,general
enjoy,31,35,0.4697,0.4697,general
1st,29,33,0.4677,0.4677,general
weekend,21,24,0.4667,0.4667,general
fantastic,8,6,0.5714,0.4571,general
90,6,2,0.75,0.45,general
amt,6,2,0.75,0.45,general
arrived,6,2,0.75,0.45,general
attached,6,2,0.75,0.45,general
classes,6,2,0.75,0.45,general
effects,6,2,0.75,0.45,general
finance,6,2,0.75,0.45,general
gay,6,2,0.75,0.45,general
ji,6,2,0.75,0.45,general
terms,6,2,0.75,0.45,general
vodafone,6,2,0.75,0.45,general
looking,17,21,0.4474,0.4474,general
month,25,31,0.4464,0.4464,general
loss,7,4,0.6364,0.4455,general
photo,7,4,0.6364,0.4455,general
thinks,7,4,0.6364,0.4455,general
vote,7,4,0.6364,0.4455,general
se,43,54,0.4433,0.4433,general
park,11,14,0.44,0.44,general
yr,14,18,0.4375,0.4375,general
dr,8,7,0.5333,0.4267,general
starts,8,7,0.5333,0.4267,general
using,8,7,0.5333,0.4267,general
shop,11,15,0.4231,0.4231,general
phone,62,85,0.4218,0.4218,general
power,10,14,0.4167,0.4167,general
07,5,1,0.8333,0.4167,general
165,5,1,0.8333,0.4167,general
33,5,1,0.8333,0.4167,general
announcement,5,1,0.8333,0.4167,general
benefits,5,1,0.8333,0.4167,general
bilkul,5,1,0.8333,0.4167,general
designer,5,1,0.8333,0.4167,general
edition,5,1,0.8333,0.4167,general
facing,5,1,0.8333,0.4167,general
famous,5,1,0.8333,0.4167,general
installation,5,1,0.8333,0.4167,general
instantly,5,1,0.8333,0.4167,general
isd,5,1,0.8333,0.4167,general
jp,5,1,0.8333,0.4167,general
loans,5,1,0.8333,0.4167,general
no1,5,1,0.8333,0.4167,general
partner,5,1,0.8333,0.4167,general
sunshine,5,1,0.8333,0.4167,general
trends,5,1,0.8333,0.4167,general
unsub,5,1,0.8333,0.4167,general
week,52,73,0.416,0.416,general
office,22,31,0.4151,0.4151,general
number,49,70,0.4118,0.4118,general
health,7,5,0.5833,0.4083,general
salary,7,5,0.5833,0.4083,general
yrs,11,16,0.4074,0.4074,general
party,13,19,0.4062,0.4062,general
21,9,11,0.45,0.405,general
yes,55,81,0.4044,0.4044,general
entered,6,3,0.6667,0.4,general
maximum,6,3,0.6667,0.4,general
mera,6,3,0.6667,0.4,general
north,6,3,0.6667,0.4,general
registered,6,3,0.6667,0.4,general
select,6,3,0.6667,0.4,general
winning,6,3,0.6667,0.4,general
011 62222222,4,0,1.0,0.4,general
02 06,4,0,1.0,0.4,general
02 06 03,4,0,1.0,0.4,general
08000930705 delivery,4,0,1.0,0.4,general
08712405020,4,0,1.0,0.4,general
09219592195,4,0,1.0,0.4,general
10 din,4,0,1.0,0.4,general
100 ayurvedic,4,0,1.0,0.4,general
100 ayurvedic product,4,0,1.0,0.4,general
100 gift,4,0,1.0,0.4,general
100 gift voucher,4,0,1.0,0.4,general
10am 7pm,4,0,1.0,0.4,general
10p 10kb,4,0,1.0,0.4,general
10p min stop,4,0,1.0,0.4,general
111 download,4,0,1.0,0.4,general
111 download fav,4,0,1.0,0.4,general
112,4,0,1.0,0.4,general
114,4,0,1.0,0.4,general
12 assured,4,0,1.0,0.4,general
1250,4,0,1.0,0.4,general
1327,4,0,1.0,0.4,general
1327 croydon,4,0,1.0,0.4,general
1327 croydon cr9,4,0,1.0,0.4,general
15 16,4,0,1.0,0.4,general
15 days,4,0,1.0,0.4,general
150 worth,4,0,1.0,0.4,general
150 worth discount,4,0,1.0,0.4,general
150ppm 18,4,0,1.0,0.4,general
18 mnths,4,0,1.0,0.4,general
1st week no1,4,0,1.0,0.4,general
2000 prize claim,4,0,1.0,0.4,general
20p min ntt,4,0,1.0,0.4,general
250 weekly,4,0,1.0,0.4,general
2500,4,0,1.0,0.4,general
27 lac onwrds,4,0,1.0,0.4,general
2900,4,0,1.0,0.4,general
2gb,4,0,1.0,0.4,general
30days,4,0,1.0,0.4,general
30din,4,0,1.0,0.4,general
3510i,4,0,1.0,0.4,general
3510i colour,4,0,1.0,0.4,general
3510i colour phone,4,0,1.0,0.4,general
36504,4,0,1.0,0.4,general
3750,4,0,1.0,0.4,general
399,4,0,1.0,0.4,general
3yrs,4,0,1.0,0.4,general
434,4,0,1.0,0.4,general
4bhk apts,4,0,1.0,0.4,general
50 week,4,0,1.0,0.4,general
500 free text,4,0,1.0,0.4,general
5000 prize,4,0,1.0,0.4,general
50p min,4,0,1.0,0.4,general
52424 tnc appl,4,0,1.0,0.4,general
54999 www,4,0,1.0,0.4,general
567678,4,0,1.0,0.4,general
567678 tnc,4,0,1.0,0.4,general
5lac,4,0,1.0,0.4,general
5lacs,4,0,1.0,0.4,general
5wb,4,0,1.0,0.4,general
5wb 0870,4,0,1.0,0.4,general
5we,4,0,1.0,0.4,general
71,4,0,1.0,0.4,general
777,4,0,1.0,0.4,general
79,4,0,1.0,0.4,general
83355,4,0,1.0,0.4,general
85023,4,0,1.0,0.4,general
85023 savamob,4,0,1.0,0.4,general
86021,4,0,1.0,0.4,general
87066 tncs,4,0,1.0,0.4,general
87066 tncs www,4,0,1.0,0.4,general
87131,4,0,1.0,0.4,general
87239,4,0,1.0,0.4,general
88,4,0,1.0,0.4,general
9212255555 avail,4,0,1.0,0.4,general
9311304872,4,0,1.0,0.4,general
99 lacs,4,0,1.0,0.4,general
a2a,4,0,1.0,0.4,general
active,4,0,1.0,0.4,general
air tickets,4,0,1.0,0.4,general
airtel mobile,4,0,1.0,0.4,general
aloe,4,0,1.0,0.4,general
aloe vera,4,0,1.0,0.4,general
amc,4,0,1.0,0.4,general
android,4,0,1.0,0.4,general
anthem,4,0,1.0,0.4,general
application surfing,4,0,1.0,0.4,general
application surfing charges,4,0,1.0,0.4,general
applications,4,0,1.0,0.4,general
applications just,4,0,1.0,0.4,general
applications just phone,4,0,1.0,0.4,general
appstore,4,0,1.0,0.4,general
appstore 111,4,0,1.0,0.4,general
appstore 111 download,4,0,1.0,0.4,general
auction send,4,0,1.0,0.4,general
aur paayein,4,0,1.0,0.4,general
awaited,4,0,1.0,0.4,general
ayurvedic product,4,0,1.0,0.4,general
bachat,4,0,1.0,0.4,general
balance ke,4,0,1.0,0.4,general
balance ke liye,4,0,1.0,0.4,general
bedbug,4,0,1.0,0.4,general
bedbug rats,4,0,1.0,0.4,general
belt rs650 vibration,4,0,1.0,0.4,general
belt rs999 ncr,4,0,1.0,0.4,general
benefit,4,0,1.0,0.4,general
best location best,4,0,1.0,0.4,general
bhk appts,4,0,1.0,0.4,general
bhkapts starting,4,0,1.0,0.4,general
bhkapts starting 16,4,0,1.0,0.4,general
blossom,4,0,1.0,0.4,general
blossom greens,4,0,1.0,0.4,general
booking amt,4,0,1.0,0.4,general
bop,4,0,1.0,0.4,general
box 1327,4,0,1.0,0.4,general
box 1327 croydon,4,0,1.0,0.4,general
branch,4,0,1.0,0.4,general
british,4,0,1.0,0.4,general
builders,4,0,1.0,0.4,general
calls mobile,4,0,1.0,0.4,general
camera phone,4,0,1.0,0.4,general
cash 2000 prize,4,0,1.0,0.4,general
change life,4,0,1.0,0.4,general
change life weight,4,0,1.0,0.4,general
charge help,4,0,1.0,0.4,general
charges 10p,4,0,1.0,0.4,general
charges delivery,4,0,1.0,0.4,general
chat 86688 150p,4,0,1.0,0.4,general
chemical herbal,4,0,1.0,0.4,general
chrgs rs10,4,0,1.0,0.4,general
claim easy just,4,0,1.0,0.4,general
claim ur 150,4,0,1.0,0.4,general
claim weeks,4,0,1.0,0.4,general
claim weeks offer,4,0,1.0,0.4,general
claim yr,4,0,1.0,0.4,general
claim yr prize,4,0,1.0,0.4,general
classic,4,0,1.0,0.4,general
coats,4,0,1.0,0.4,general
cockroach,4,0,1.0,0.4,general
cockroach termite,4,0,1.0,0.4,general
cockroach termite bedbug,4,0,1.0,0.4,general
code chrgs,4,0,1.0,0.4,general
code chrgs rs10,4,0,1.0,0.4,general
colour camera,4,0,1.0,0.4,general
colour phone,4,0,1.0,0.4,general
combo world,4,0,1.0,0.4,general
combo world class,4,0,1.0,0.4,general
comm,4,0,1.0,0.4,general
companies,4,0,1.0,0.4,general
comuk net,4,0,1.0,0.4,general
comuk net login,4,0,1.0,0.4,general
connectivity bhkapts,4,0,1.0,0.4,general
contact ons,4,0,1.0,0.4,general
contact reply,4,0,1.0,0.4,general
contact reply offer,4,0,1.0,0.4,general
contact weekends,4,0,1.0,0.4,general
contact weekends draw,4,0,1.0,0.4,general
costa,4,0,1.0,0.4,general
costa del,4,0,1.0,0.4,general
costa del sol,4,0,1.0,0.4,general
coupon,4,0,1.0,0.4,general
cr9,4,0,1.0,0.4,general
cr9 5wb,4,0,1.0,0.4,general
cr9 5wb 0870,4,0,1.0,0.4,general
credits pls,4,0,1.0,0.4,financial
croydon,4,0,1.0,0.4,general
croydon cr9,4,0,1.0,0.4,general
croydon cr9 5wb,4,0,1.0,0.4,general
cs box,4,0,1.0,0.4,general
cw25wx,4,0,1.0,0.4,general
datacard,4,0,1.0,0.4,general
david,4,0,1.0,0.4,general
day log,4,0,1.0,0.4,general
day log fantastic,4,0,1.0,0.4,general
dec 10,4,0,1.0,0.4,general
deepika,4,0,1.0,0.4,general
del sol,4,0,1.0,0.4,general
del sol holiday,4,0,1.0,0.4,general
delivery claim,4,0,1.0,0.4,general
direct ur,4,0,1.0,0.4,general
discount vouchers,4,0,1.0,0.4,general
dogging network,4,0,1.0,0.4,general
dominos,4,0,1.0,0.4,general
don miss great,4,0,1.0,0.4,general
door step service,4,0,1.0,0.4,general
double mins 1000,4,0,1.0,0.4,general
download fav,4,0,1.0,0.4,general
download fav application,4,0,1.0,0.4,general
downloading,4,0,1.0,0.4,general
draw 100 gift,4,0,1.0,0.4,general
dth,4,0,1.0,0.4,general
dwarka exp,4,0,1.0,0.4,general
easemytrip,4,0,1.0,0.4,technical
eco village noida,4,0,1.0,0.4,general
enjoy unlimited high,4,0,1.0,0.4,general
entertainment,4,0,1.0,0.4,general
entry 100 weekly,4,0,1.0,0.4,general
entry 250,4,0,1.0,0.4,general
entry 250 weekly,4,0,1.0,0.4,general
estate,4,0,1.0,0.4,general
exclnt,4,0,1.0,0.4,general
exclnt connectivity,4,0,1.0,0.4,general
exclnt connectivity bhkapts,4,0,1.0,0.4,general
exclusive,4,0,1.0,0.4,general
extn bhk,4,0,1.0,0.4,general
extn road,4,0,1.0,0.4,general
extra charge,4,0,1.0,0.4,general
extra charge help,4,0,1.0,0.4,general
f1,4,0,1.0,0.4,general
facial,4,0,1.0,0.4,general
false,4,0,1.0,0.4,general
fantasies,4,0,1.0,0.4,general
fav application,4,0,1.0,0.4,general
fav application surfing,4,0,1.0,0.4,general
feb 11,4,0,1.0,0.4,general
floors,4,0,1.0,0.4,general
floraville,4,0,1.0,0.4,general
free 0800,4,0,1.0,0.4,general
free bluetooth,4,0,1.0,0.4,general
free camera,4,0,1.0,0.4,general
free delivery,4,0,1.0,0.4,general
free entry 250,4,0,1.0,0.4,general
free join,4,0,1.0,0.4,general
free minutes,4,0,1.0,0.4,general
free minutes mobile,4,0,1.0,0.4,general
free mobileupd8,4,0,1.0,0.4,general
free nokia,4,0,1.0,0.4,general
free sms,4,0,1.0,0.4,general
free subscription,4,0,1.0,0.4,technical
free text messages,4,0,1.0,0.4,general
free texts,4,0,1.0,0.4,general
free usage,4,0,1.0,0.4,general
freephone,4,0,1.0,0.4,general
gay chat,4,0,1.0,0.4,general
germany,4,0,1.0,0.4,general
getaways,4,0,1.0,0.4,general
gift vouchers free,4,0,1.0,0.4,general
golf plots way,4,0,1.0,0.4,general
goto www,4,0,1.0,0.4,general
gp,4,0,1.0,0.4,general
great opportunity,4,0,1.0,0.4,general
gurgn,4,0,1.0,0.4,general
handling charges delivery,4,0,1.0,0.4,general
handset 750 anytime,4,0,1.0,0.4,general
helpline,4,0,1.0,0.4,general
high speed,4,0,1.0,0.4,general
high speed internet,4,0,1.0,0.4,general
holder claim weeks,4,0,1.0,0.4,general
holiday 5000 cash,4,0,1.0,0.4,general
home loan,4,0,1.0,0.4,general
home loans,4,0,1.0,0.4,general
hurry don,4,0,1.0,0.4,general
hurry don miss,4,0,1.0,0.4,general
hurry recharge,4,0,1.0,0.4,general
icc,4,0,1.0,0.4,general
icf,4,0,1.0,0.4,general
invited xchat,4,0,1.0,0.4,general
invites,4,0,1.0,0.4,general
ip4,4,0,1.0,0.4,technical
ip4 5we,4,0,1.0,0.4,technical
ipod mp3,4,0,1.0,0.4,technical
ipod mp3 player,4,0,1.0,0.4,technical
jamster,4,0,1.0,0.4,general
job knocking,4,0,1.0,0.4,general
job knocking ur,4,0,1.0,0.4,general
jp kensington,4,0,1.0,0.4,general
jp kensington blvrd,4,0,1.0,0.4,general
just 20p,4,0,1.0,0.4,general
just 20p min,4,0,1.0,0.4,general
just phone,4,0,1.0,0.4,general
just phone sms,4,0,1.0,0.4,general
just reply,4,0,1.0,0.4,general
just send,4,0,1.0,0.4,general
just txt nokia,4,0,1.0,0.4,general
jwala,4,0,1.0,0.4,general
jwala heri,4,0,1.0,0.4,general
jwala heri mkt,4,0,1.0,0.4,general
kazi road gangtok,4,0,1.0,0.4,general
ke recharge pe,4,0,1.0,0.4,general
ki bachat,4,0,1.0,0.4,general
ki jaankari,4,0,1.0,0.4,general
ki jaankari ke,4,0,1.0,0.4,general
km,4,0,1.0,0.4,general
knocking ur,4,0,1.0,0.4,general
knocking ur door,4,0,1.0,0.4,general
largest,4,0,1.0,0.4,general
largest dogging,4,0,1.0,0.4,general
largest dogging network,4,0,1.0,0.4,general
latest camera,4,0,1.0,0.4,general
latest colour camera,4,0,1.0,0.4,general
latest motorola sonyericsson,4,0,1.0,0.4,general
latest news,4,0,1.0,0.4,general
latest nokia,4,0,1.0,0.4,general
launching,4,0,1.0,0.4,general
life weight,4,0,1.0,0.4,general
life weight loss,4,0,1.0,0.4,general
limited period,4,0,1.0,0.4,general
limited seats,4,0,1.0,0.4,general
linerental,4,0,1.0,0.4,general
live free,4,0,1.0,0.4,general
loc,4,0,1.0,0.4,general
local aur,4,0,1.0,0.4,general
location best,4,0,1.0,0.4,general
location best price,4,0,1.0,0.4,general
locations sent,4,0,1.0,0.4,general
locations sent direct,4,0,1.0,0.4,general
logix blossom,4,0,1.0,0.4,general
logix blossom greens,4,0,1.0,0.4,general
loss gain,4,0,1.0,0.4,general
lucky day log,4,0,1.0,0.4,general
manya balance,4,0,1.0,0.4,general
member offers,4,0,1.0,0.4,general
members free,4,0,1.0,0.4,general
min 18,4,0,1.0,0.4,general
min ntt,4,0,1.0,0.4,general
min ntt po,4,0,1.0,0.4,general
mins 1000,4,0,1.0,0.4,general
mins 150,4,0,1.0,0.4,general
minutes mobile,4,0,1.0,0.4,general
minutes mobile 100,4,0,1.0,0.4,general
miss great,4,0,1.0,0.4,general
miss great opportunity,4,0,1.0,0.4,general
mobile 100,4,0,1.0,0.4,general
mobile 100 free,4,0,1.0,0.4,general
mobile 11mths,4,0,1.0,0.4,general
mobile awarded,4,0,1.0,0.4,general
mobile cs,4,0,1.0,0.4,general
mobile internet,4,0,1.0,0.4,general
mobile pe,4,0,1.0,0.4,general
moby,4,0,1.0,0.4,general
modular kitchen,4,0,1.0,0.4,general
money guarantee,4,0,1.0,0.4,general
moradabad,4,0,1.0,0.4,general
motorola sonyericsson nokia,4,0,1.0,0.4,general
movers,4,0,1.0,0.4,general
mp3 player,4,0,1.0,0.4,general
msg cc 08718720201,4,0,1.0,0.4,general
msg free,4,0,1.0,0.4,general
mtd,4,0,1.0,0.4,general
mtd edition,4,0,1.0,0.4,general
mubarak,4,0,1.0,0.4,general
mubarak ho,4,0,1.0,0.4,general
music 87066 tncs,4,0,1.0,0.4,general
net login,4,0,1.0,0.4,general
netcollex,4,0,1.0,0.4,general
new launch,4,0,1.0,0.4,general
new message,4,0,1.0,0.4,general
new nokia 3510i,4,0,1.0,0.4,general
new project,4,0,1.0,0.4,general
nh8,4,0,1.0,0.4,general
nlimited internet,4,0,1.0,0.4,general
no1 nokia,4,0,1.0,0.4,general
no1 nokia tone,4,0,1.0,0.4,general
noida extn bhk,4,0,1.0,0.4,general
nokia 3510i,4,0,1.0,0.4,general
nokia 3510i colour,4,0,1.0,0.4,general
nokia 86021,4,0,1.0,0.4,general
nokia phone,4,0,1.0,0.4,general
non stop internet,4,0,1.0,0.4,general
nr,4,0,1.0,0.4,general
offer pc,4,0,1.0,0.4,general
offer pc ts,4,0,1.0,0.4,general
offer sms,4,0,1.0,0.4,general
offers mobile cs,4,0,1.0,0.4,general
online www,4,0,1.0,0.4,general
ons,4,0,1.0,0.4,general
optout,4,0,1.0,0.4,general
orange tariffs,4,0,1.0,0.4,general
order reference,4,0,1.0,0.4,general
par dial,4,0,1.0,0.4,general
paris,4,0,1.0,0.4,general
pc ts,4,0,1.0,0.4,general
pc ts cs,4,0,1.0,0.4,general
pe rs,4,0,1.0,0.4,general
people store,4,0,1.0,0.4,general
phone sms,4,0,1.0,0.4,general
phone sms appstore,4,0,1.0,0.4,general
pinnacle,4,0,1.0,0.4,general
plots way,4,0,1.0,0.4,general
plus free,4,0,1.0,0.4,general
po box 1327,4,0,1.0,0.4,general
pobox 36504,4,0,1.0,0.4,general
pobox84,4,0,1.0,0.4,general
policy,4,0,1.0,0.4,general
polyphonic,4,0,1.0,0.4,general
porn,4,0,1.0,0.4,general
possesn,4,0,1.0,0.4,general
power saver,4,0,1.0,0.4,general
presenting wide,4,0,1.0,0.4,general
presenting wide range,4,0,1.0,0.4,general
price revising soon,4,0,1.0,0.4,general
prize 02 06,4,0,1.0,0.4,general
prize claim yr,4,0,1.0,0.4,general
prize customer service,4,0,1.0,0.4,general
prizes,4,0,1.0,0.4,general
provided,4,0,1.0,0.4,general
query,4,0,1.0,0.4,general
ramprastha skyz,4,0,1.0,0.4,general
range applications,4,0,1.0,0.4,general
range applications just,4,0,1.0,0.4,general
rate revisng,4,0,1.0,0.4,general
rates app,4,0,1.0,0.4,general
receive 1000 cash,4,0,1.0,0.4,general
rech,4,0,1.0,0.4,general
recharge rs,4,0,1.0,0.4,general
recharge stay,4,0,1.0,0.4,general
recharge stay connected,4,0,1.0,0.4,general
records,4,0,1.0,0.4,general
reduce fat,4,0,1.0,0.4,general
reduce fat inch,4,0,1.0,0.4,general
ree gift,4,0,1.0,0.4,general
releasing,4,0,1.0,0.4,general
reply code,4,0,1.0,0.4,general
reply code chrgs,4,0,1.0,0.4,general
reply date,4,0,1.0,0.4,general
reply delivery,4,0,1.0,0.4,general
reply offer,4,0,1.0,0.4,general
reply stop end,4,0,1.0,0.4,general
reputed developer,4,0,1.0,0.4,general
residential project,4,0,1.0,0.4,general
retailer recharge,4,0,1.0,0.4,general
return contact,4,0,1.0,0.4,general
return contact ons,4,0,1.0,0.4,general
revealed,4,0,1.0,0.4,general
revisng,4,0,1.0,0.4,general
rid,4,0,1.0,0.4,general
rid cockroach,4,0,1.0,0.4,general
rid cockroach termite,4,0,1.0,0.4,general
ringtone order reference,4,0,1.0,0.4,general
road gangtok,4,0,1.0,0.4,general
roger federer,4,0,1.0,0.4,general
row w1j6hl ldn,4,0,1.0,0.4,general
rs 16,4,0,1.0,0.4,general
rs 7000,4,0,1.0,0.4,general
rs250,4,0,1.0,0.4,general
rs650 vibration,4,0,1.0,0.4,general
rs650 vibration sauna,4,0,1.0,0.4,general
rs98,4,0,1.0,0.4,general
rs99,4,0,1.0,0.4,general
rs999 ncr,4,0,1.0,0.4,general
rs999 ncr rs50,4,0,1.0,0.4,general
sae cs box,4,0,1.0,0.4,general
saga,4,0,1.0,0.4,general
sal,4,0,1.0,0.4,general
sauna belt,4,0,1.0,0.4,general
sauna belt rs999,4,0,1.0,0.4,general
savamob member,4,0,1.0,0.4,general
savamob member offers,4,0,1.0,0.4,general
save settings,4,0,1.0,0.4,general
saver,4,0,1.0,0.4,general
sbi,4,0,1.0,0.4,general
seats,4,0,1.0,0.4,general
selection,4,0,1.0,0.4,general
send free,4,0,1.0,0.4,general
send mms,4,0,1.0,0.4,general
send stop 87239,4,0,1.0,0.4,general
send yes,4,0,1.0,0.4,general
sent direct ur,4,0,1.0,0.4,general
service pan,4,0,1.0,0.4,general
service pan card,4,0,1.0,0.4,general
settings receive,4,0,1.0,0.4,general
shops,4,0,1.0,0.4,general
size 1575,4,0,1.0,0.4,general
size 1575 2200,4,0,1.0,0.4,general
sk38xh,4,0,1.0,0.4,general
sms appstore,4,0,1.0,0.4,general
sms appstore 111,4,0,1.0,0.4,general
sms bop,4,0,1.0,0.4,general
sms ip,4,0,1.0,0.4,technical
sms ip 54999,4,0,1.0,0.4,technical
sms services,4,0,1.0,0.4,general
sol holiday,4,0,1.0,0.4,general
sonyericsson nokia,4,0,1.0,0.4,general
speed internet,4,0,1.0,0.4,general
speed upto,4,0,1.0,0.4,general
spider,4,0,1.0,0.4,general
standard rates app,4,0,1.0,0.4,general
starting 16,4,0,1.0,0.4,general
starting 16 20,4,0,1.0,0.4,general
std calls,4,0,1.0,0.4,general
std pack,4,0,1.0,0.4,general
step service pan,4,0,1.0,0.4,general
stop 87239,4,0,1.0,0.4,general
stop extra,4,0,1.0,0.4,general
stop extra charge,4,0,1.0,0.4,general
stop internet,4,0,1.0,0.4,general
stop stop,4,0,1.0,0.4,general
stop txt,4,0,1.0,0.4,general
subscriber,4,0,1.0,0.4,general
supertech presnts,4,0,1.0,0.4,general
surfing charges 10p,4,0,1.0,0.4,general
sweaters,4,0,1.0,0.4,general
tariffs,4,0,1.0,0.4,general
tax return contact,4,0,1.0,0.4,general
tea ph,4,0,1.0,0.4,general
tell ur mates,4,0,1.0,0.4,general
tenerife holiday 5000,4,0,1.0,0.4,general
termite,4,0,1.0,0.4,general
termite bedbug,4,0,1.0,0.4,general
termite bedbug rats,4,0,1.0,0.4,general
text credits,4,0,1.0,0.4,financial
text credits pls,4,0,1.0,0.4,financial
text free,4,0,1.0,0.4,general
text free camcorder,4,0,1.0,0.4,general
text messages,4,0,1.0,0.4,general
tid,4,0,1.0,0.4,general
tncs www,4,0,1.0,0.4,general
tncs www ldew,4,0,1.0,0.4,general
tried contact reply,4,0,1.0,0.4,general
true false,4,0,1.0,0.4,general
trying contact weekends,4,0,1.0,0.4,general
ts cs apply,4,0,1.0,0.4,general
txting tell,4,0,1.0,0.4,general
txting tell ur,4,0,1.0,0.4,general
unlimited high,4,0,1.0,0.4,general
unlimited high speed,4,0,1.0,0.4,general
unsubscribe stop,4,0,1.0,0.4,general
unsubscribe stop extra,4,0,1.0,0.4,general
update free,4,0,1.0,0.4,general
upgrade,4,0,1.0,0.4,general
ur 150,4,0,1.0,0.4,general
ur 150 worth,4,0,1.0,0.4,general
ur door,4,0,1.0,0.4,general
urgent 2nd,4,0,1.0,0.4,urgency
urgent 2nd attempt,4,0,1.0,0.4,urgency
urgent mobile awarded,4,0,1.0,0.4,urgency
user today,4,0,1.0,0.4,urgency
user today lucky,4,0,1.0,0.4,urgency
validity recharge,4,0,1.0,0.4,general
vary,4,0,1.0,0.4,general
vera,4,0,1.0,0.4,general
vibration sauna,4,0,1.0,0.4,general
vibration sauna belt,4,0,1.0,0.4,general
village noida,4,0,1.0,0.4,general
villas yamuna xprsway,4,0,1.0,0.4,general
vip,4,0,1.0,0.4,technical
visit retailer,4,0,1.0,0.4,general
visit retailer recharge,4,0,1.0,0.4,general
vouchers free,4,0,1.0,0.4,general
vouchers free entry,4,0,1.0,0.4,general
w1j6hl ldn,4,0,1.0,0.4,general
want new nokia,4,0,1.0,0.4,general
want real,4,0,1.0,0.4,general
way noida,4,0,1.0,0.4,general
week no1,4,0,1.0,0.4,general
week no1 nokia,4,0,1.0,0.4,general
weekends draw,4,0,1.0,0.4,general
weekends draw shows,4,0,1.0,0.4,general
weeks offer,4,0,1.0,0.4,general
weeks offer pc,4,0,1.0,0.4,general
weight loss gain,4,0,1.0,0.4,general
wfp,4,0,1.0,0.4,general
wide range,4,0,1.0,0.4,general
wide range applications,4,0,1.0,0.4,general
wild,4,0,1.0,0.4,general
win 200,4,0,1.0,0.4,general
winner specially,4,0,1.0,0.4,general
winner specially selected,4,0,1.0,0.4,general
won 000 bonus,4,0,1.0,0.4,general
won 2000,4,0,1.0,0.4,general
worth discount,4,0,1.0,0.4,general
worth discount vouchers,4,0,1.0,0.4,general
www comuk,4,0,1.0,0.4,general
www comuk net,4,0,1.0,0.4,general
www easemytrip,4,0,1.0,0.4,technical
xchat,4,0,1.0,0.4,general
xmas prize,4,0,1.0,0.4,general
xpressway,4,0,1.0,0.4,general
xprsway size,4,0,1.0,0.4,general
xprsway size 1575,4,0,1.0,0.4,general
xway combo world,4,0,1.0,0.4,general
yamuna xprsway size,4,0,1.0,0.4,general
yr prize,4,0,1.0,0.4,general
yr prize customer,4,0,1.0,0.4,general
world,37,56,0.3978,0.3978,general
answer,11,17,0.3929,0.3929,general
message,33,52,0.3882,0.3882,general
send,89,141,0.387,0.387,general
real,17,27,0.3864,0.3864,general
surprise,7,6,0.5385,0.3769,general
ticket,7,6,0.5385,0.3769,general
family,13,23,0.3611,0.3611,general
msg,49,87,0.3603,0.3603,general
900,6,4,0.6,0.36,general
character,6,4,0.6,0.36,general
grand,6,4,0.6,0.36,general
jana,6,4,0.6,0.36,general
sub,6,4,0.6,0.36,general
700,5,2,0.7143,0.3571,general
adventure,5,2,0.7143,0.3571,general
aug,5,2,0.7143,0.3571,general
batch,5,2,0.7143,0.3571,general
commercial,5,2,0.7143,0.3571,general
exciting,5,2,0.7143,0.3571,general
executive,5,2,0.7143,0.3571,general
fav,5,2,0.7143,0.3571,general
favorite,5,2,0.7143,0.3571,general
female,5,2,0.7143,0.3571,general
mp3,5,2,0.7143,0.3571,general
pan,5,2,0.7143,0.3571,general
payment,5,2,0.7143,0.3571,financial
pound,5,2,0.7143,0.3571,general
program,5,2,0.7143,0.3571,general
replying,5,2,0.7143,0.3571,general
sales,5,2,0.7143,0.3571,general
shoes,5,2,0.7143,0.3571,general
mr,9,14,0.3913,0.3522,general
ki,23,43,0.3485,0.3485,general
fun,13,25,0.3421,0.3421,general
years,13,25,0.3421,0.3421,general
brings,8,11,0.4211,0.3368,general
watch,18,36,0.3333,0.3333,general
movie,10,20,0.3333,0.3333,general
end,19,39,0.3276,0.3276,general
aaj,6,5,0.5455,0.3273,general
ip,6,5,0.5455,0.3273,technical
stock,6,5,0.5455,0.3273,general
computer,7,8,0.4667,0.3267,general
email,10,21,0.3226,0.3226,general
buy,29,61,0.3222,0.3222,general
63,4,1,0.8,0.32,general
650,4,1,0.8,0.32,general
7000,4,1,0.8,0.32,general
aapko,4,1,0.8,0.32,general
admission,4,1,0.8,0.32,general
agents,4,1,0.8,0.32,general
ana,4,1,0.8,0.32,general
attractive,4,1,0.8,0.32,general
august,4,1,0.8,0.32,general
bangalore,4,1,0.8,0.32,general
bpo,4,1,0.8,0.32,general
capital,4,1,0.8,0.32,general
chemical,4,1,0.8,0.32,general
chosen,4,1,0.8,0.32,general
conditions,4,1,0.8,0.32,general
developer,4,1,0.8,0.32,general
ext,4,1,0.8,0.32,general
faridabad,4,1,0.8,0.32,general
followed,4,1,0.8,0.32,general
hp,4,1,0.8,0.32,general
instant,4,1,0.8,0.32,general
instructions,4,1,0.8,0.32,general
juice,4,1,0.8,0.32,general
khan,4,1,0.8,0.32,general
knocking,4,1,0.8,0.32,general
laid,4,1,0.8,0.32,general
magic,4,1,0.8,0.32,general
male,4,1,0.8,0.32,general
mar,4,1,0.8,0.32,general
media,4,1,0.8,0.32,general
mths,4,1,0.8,0.32,general
pest,4,1,0.8,0.32,general
pre,4,1,0.8,0.32,general
premier,4,1,0.8,0.32,general
purchase,4,1,0.8,0.32,general
rats,4,1,0.8,0.32,general
renewal,4,1,0.8,0.32,general
secrets,4,1,0.8,0.32,general
shortly,4,1,0.8,0.32,general
singh,4,1,0.8,0.32,general
title,4,1,0.8,0.32,general
usa,4,1,0.8,0.32,general
visiting,4,1,0.8,0.32,general
guess,19,41,0.3167,0.3167,general
year,25,54,0.3165,0.3165,general
tc,10,22,0.3125,0.3125,general
cancel,5,3,0.625,0.3125,general
edge,5,3,0.625,0.3125,general
gifts,5,3,0.625,0.3125,general
ladies,5,3,0.625,0.3125,general
natural,5,3,0.625,0.3125,general
pg,5,3,0.625,0.3125,general
spl,5,3,0.625,0.3125,general
tour,5,3,0.625,0.3125,general
unique,5,3,0.625,0.3125,general
view,5,3,0.625,0.3125,general
weekends,5,3,0.625,0.3125,general
trip,9,17,0.3462,0.3115,technical
half,13,29,0.3095,0.3095,general
ready,17,38,0.3091,0.3091,general
job,19,43,0.3065,0.3065,general
film,7,9,0.4375,0.3062,general
living,7,9,0.4375,0.3062,general
trying,13,30,0.3023,0.3023,general
important,12,28,0.3,0.3,general
shopping,12,28,0.3,0.3,general
acha,6,6,0.5,0.3,general
00 sub,3,0,1.0,0.3,general
00 sub 16,3,0,1.0,0.3,general
000 pounds,3,0,1.0,0.3,general
000 prize,3,0,1.0,0.3,general
000 xmas,3,0,1.0,0.3,general
000 xmas prize,3,0,1.0,0.3,general
01,3,0,1.0,0.3,general
0207,3,0,1.0,0.3,general
07xxxxxxxxx,3,0,1.0,0.3,general
080,3,0,1.0,0.3,general
0800 542,3,0,1.0,0.3,general
08000930705 delivery tomorrow,3,0,1.0,0.3,general
08001950382,3,0,1.0,0.3,general
0845,3,0,1.0,0.3,general
0870 national,3,0,1.0,0.3,general
0870 national rate,3,0,1.0,0.3,general
08701417012,3,0,1.0,0.3,general
08701417012 profit,3,0,1.0,0.3,general
08701417012 profit charity,3,0,1.0,0.3,general
08702840625,3,0,1.0,0.3,general
08702840625 comuk,3,0,1.0,0.3,general
08707509020,3,0,1.0,0.3,general
08707509020 just,3,0,1.0,0.3,general
08707509020 just 20p,3,0,1.0,0.3,general
0871,3,0,1.0,0.3,general
08712460324 10p,3,0,1.0,0.3,general
08712460324 10p min,3,0,1.0,0.3,general
08712460324 nat,3,0,1.0,0.3,general
08712460324 nat rate,3,0,1.0,0.3,general
08715705022,3,0,1.0,0.3,general
08718720201 po,3,0,1.0,0.3,general
08718720201 po box,3,0,1.0,0.3,general
087187262701,3,0,1.0,0.3,general
087187262701 50gbp,3,0,1.0,0.3,general
087187262701 50gbp mtmsg18,3,0,1.0,0.3,general
08718727870,3,0,1.0,0.3,general
09050090044,3,0,1.0,0.3,general
09050090044 toclaim,3,0,1.0,0.3,general
09050090044 toclaim sae,3,0,1.0,0.3,general
09066612661,3,0,1.0,0.3,general
09066612661 landline,3,0,1.0,0.3,general
0km frm,3,0,1.0,0.3,general
10 days,3,0,1.0,0.3,general
10 din mein,3,0,1.0,0.3,general
10 txtauction,3,0,1.0,0.3,general
10 txtauction txt,3,0,1.0,0.3,general
100 acres,3,0,1.0,0.3,general
100 acres park,3,0,1.0,0.3,general
100 free text,3,0,1.0,0.3,general
100 natural,3,0,1.0,0.3,general
100 natural aloe,3,0,1.0,0.3,general
100 result,3,0,1.0,0.3,general
100 wkly,3,0,1.0,0.3,general
100 wkly draw,3,0,1.0,0.3,general
1000 prize,3,0,1.0,0.3,general
100mb,3,0,1.0,0.3,general
1050,3,0,1.0,0.3,general
1050 free,3,0,1.0,0.3,general
1050 free home,3,0,1.0,0.3,general
10am 7pm cost,3,0,1.0,0.3,general
11 resi,3,0,1.0,0.3,general
11 resi comm,3,0,1.0,0.3,general
114 14,3,0,1.0,0.3,general
114 14 tcr,3,0,1.0,0.3,general
11pm,3,0,1.0,0.3,general
12 assured return,3,0,1.0,0.3,general
12000,3,0,1.0,0.3,general
122,3,0,1.0,0.3,general
123 muft,3,0,1.0,0.3,general
123 muft offer,3,0,1.0,0.3,general
13 99,3,0,1.0,0.3,general
13 99 lacs,3,0,1.0,0.3,general
137 noida,3,0,1.0,0.3,general
14 tcr,3,0,1.0,0.3,general
14 tcr w1,3,0,1.0,0.3,general
149,3,0,1.0,0.3,general
150 text,3,0,1.0,0.3,general
150p min,3,0,1.0,0.3,general
150p msgrcvdhg,3,0,1.0,0.3,general
150p msgrcvdhg suite342,3,0,1.0,0.3,general
150p tone,3,0,1.0,0.3,general
150p tone 16,3,0,1.0,0.3,general
150pm,3,0,1.0,0.3,general
150ppm 16,3,0,1.0,0.3,general
150sqyd,3,0,1.0,0.3,general
153,3,0,1.0,0.3,general
1575 2200 sf,3,0,1.0,0.3,general
1599,3,0,1.0,0.3,general
16 29,3,0,1.0,0.3,general
16 29 ka,3,0,1.0,0.3,general
16 apply,3,0,1.0,0.3,general
17 45,3,0,1.0,0.3,general
17 45 lacs,3,0,1.0,0.3,general
18 150p,3,0,1.0,0.3,general
18 mnths starting,3,0,1.0,0.3,general
1800,3,0,1.0,0.3,general
1999,3,0,1.0,0.3,general
1case,3,0,1.0,0.3,general
1st tone,3,0,1.0,0.3,general
1st tone free,3,0,1.0,0.3,general
1x150p,3,0,1.0,0.3,general
1x150p wk,3,0,1.0,0.3,general
200 300,3,0,1.0,0.3,general
2000 bonus,3,0,1.0,0.3,general
2000 bonus caller,3,0,1.0,0.3,general
2004 account,3,0,1.0,0.3,general
2004 txt,3,0,1.0,0.3,general
2004 txt nokia,3,0,1.0,0.3,general
21l,3,0,1.0,0.3,general
2200 sf,3,0,1.0,0.3,general
2200 sf 27,3,0,1.0,0.3,general
234 2900,3,0,1.0,0.3,general
234 98,3,0,1.0,0.3,general
2400 offer,3,0,1.0,0.3,general
2400 offer price,3,0,1.0,0.3,general
250 weekly comp,3,0,1.0,0.3,general
26 lac,3,0,1.0,0.3,general
29 ka,3,0,1.0,0.3,general
29 ka talktime,3,0,1.0,0.3,general
29 lac,3,0,1.0,0.3,general
29 lac onwrds,3,0,1.0,0.3,general
2990,3,0,1.0,0.3,general
29th,3,0,1.0,0.3,general
29th aug,3,0,1.0,0.3,general
2bhk14,3,0,1.0,0.3,general
2bhk14 5lacs,3,0,1.0,0.3,general
2bhk14 5lacs al,3,0,1.0,0.3,general
2nd phase,3,0,1.0,0.3,general
2nd phase cape,3,0,1.0,0.3,general
2optout 087187262701,3,0,1.0,0.3,general
2optout 087187262701 50gbp,3,0,1.0,0.3,general
3000,3,0,1.0,0.3,general
30p 50k,3,0,1.0,0.3,general
36504 w45wq,3,0,1.0,0.3,general
3g 121,3,0,1.0,0.3,general
3g videophones,3,0,1.0,0.3,general
3lac,3,0,1.0,0.3,general
3lp,3,0,1.0,0.3,general
3mins,3,0,1.0,0.3,general
3qxj9,3,0,1.0,0.3,general
3qxj9 unsubscribe,3,0,1.0,0.3,general
3qxj9 unsubscribe stop,3,0,1.0,0.3,general
3uz,3,0,1.0,0.3,general
40 crs,3,0,1.0,0.3,general
40 crs balance,3,0,1.0,0.3,general
40 electricity,3,0,1.0,0.3,general
40 electricity power,3,0,1.0,0.3,general
40 lkhs,3,0,1.0,0.3,general
40 lkhs 40,3,0,1.0,0.3,general
4000,3,0,1.0,0.3,general
40gb ipod mp3,3,0,1.0,0.3,technical
40p,3,0,1.0,0.3,general
44224422,3,0,1.0,0.3,general
45 lacs,3,0,1.0,0.3,general
450,3,0,1.0,0.3,general
499,3,0,1.0,0.3,general
4best,3,0,1.0,0.3,general
4best deals,3,0,1.0,0.3,general
4best deals pestcontrolservices,3,0,1.0,0.3,general
4bhk apts sec143,3,0,1.0,0.3,general
4m fortis,3,0,1.0,0.3,general
4m fortis metro,3,0,1.0,0.3,general
4t,3,0,1.0,0.3,general
50 pm,3,0,1.0,0.3,general
50 pm max10mins,3,0,1.0,0.3,general
500 prize,3,0,1.0,0.3,general
500 prize txt,3,0,1.0,0.3,general
5000 await,3,0,1.0,0.3,general
5000 await collection,3,0,1.0,0.3,general
50gbp,3,0,1.0,0.3,general
50gbp mtmsg18,3,0,1.0,0.3,general
50k,3,0,1.0,0.3,general
51,3,0,1.0,0.3,general
53,3,0,1.0,0.3,general
53536,3,0,1.0,0.3,general
53636 tnc appl,3,0,1.0,0.3,general
542,3,0,1.0,0.3,general
5433402,3,0,1.0,0.3,general
56070 apply,3,0,1.0,0.3,general
5676706,3,0,1.0,0.3,general
567678 tnc appl,3,0,1.0,0.3,general
58888 pe,3,0,1.0,0.3,general
5lacs al,3,0,1.0,0.3,general
5lacs al inclusve,3,0,1.0,0.3,general
5p,3,0,1.0,0.3,general
5wb 0870 national,3,0,1.0,0.3,general
60 units,3,0,1.0,0.3,general
60 units sold,3,0,1.0,0.3,general
67,3,0,1.0,0.3,general
68,3,0,1.0,0.3,general
71 aur,3,0,1.0,0.3,general
71 aur rs,3,0,1.0,0.3,general
750 mins,3,0,1.0,0.3,general
750 pound,3,0,1.0,0.3,general
750 pound prize,3,0,1.0,0.3,general
78,3,0,1.0,0.3,general
786,3,0,1.0,0.3,general
786 unredeemed,3,0,1.0,0.3,general
799,3,0,1.0,0.3,general
8007 nokias,3,0,1.0,0.3,general
8007 nokias poly,3,0,1.0,0.3,general
80082,3,0,1.0,0.3,general
81151,3,0,1.0,0.3,general
81151 4t,3,0,1.0,0.3,general
81303,3,0,1.0,0.3,general
83,3,0,1.0,0.3,general
83600,3,0,1.0,0.3,general
84,3,0,1.0,0.3,general
84128,3,0,1.0,0.3,general
85023 savamob member,3,0,1.0,0.3,general
86021 hg,3,0,1.0,0.3,general
86021 hg suite342,3,0,1.0,0.3,general
86688 150p msgrcvdhg,3,0,1.0,0.3,general
88039,3,0,1.0,0.3,general
88039 skilgme,3,0,1.0,0.3,general
88600,3,0,1.0,0.3,general
89545,3,0,1.0,0.3,general
89545 collect,3,0,1.0,0.3,general
89545 collect today,3,0,1.0,0.3,urgency
89555,3,0,1.0,0.3,general
8min,3,0,1.0,0.3,general
8min 4m,3,0,1.0,0.3,general
8min 4m fortis,3,0,1.0,0.3,general
9143900014,3,0,1.0,0.3,general
9143900014 15,3,0,1.0,0.3,general
9143900014 15 16,3,0,1.0,0.3,general
92,3,0,1.0,0.3,general
9212255555 avail discounts,3,0,1.0,0.3,general
93,3,0,1.0,0.3,general
9310,3,0,1.0,0.3,general
9310010818,3,0,1.0,0.3,general
9311304872 9268250573,3,0,1.0,0.3,general
956079603,3,0,1.0,0.3,general
9609791352,3,0,1.0,0.3,general
98,3,0,1.0,0.3,general
99 lacs al,3,0,1.0,0.3,general
9ae,3,0,1.0,0.3,general
9hole,3,0,1.0,0.3,general
9hole golf,3,0,1.0,0.3,general
9hole golf course,3,0,1.0,0.3,general
aapko diya,3,0,1.0,0.3,general
aapko diya ja,3,0,1.0,0.3,general
abhi video,3,0,1.0,0.3,general
abhi video karein,3,0,1.0,0.3,general
abta,3,0,1.0,0.3,general
abta complimentary,3,0,1.0,0.3,general
access airtel,3,0,1.0,0.3,general
access airtel live,3,0,1.0,0.3,general
acres park,3,0,1.0,0.3,general
activation charge,3,0,1.0,0.3,general
activation charge monthly,3,0,1.0,0.3,general
adjoining,3,0,1.0,0.3,general
adjoining 100,3,0,1.0,0.3,general
adjoining 100 acres,3,0,1.0,0.3,general
agni 9212255555 avail,3,0,1.0,0.3,general
airtel live free,3,0,1.0,0.3,general
airtel live long,3,0,1.0,0.3,general
airtel live mms,3,0,1.0,0.3,general
airtel live pay,3,0,1.0,0.3,general
ajmal,3,0,1.0,0.3,general
ajmal khan,3,0,1.0,0.3,general
al inclusive,3,0,1.0,0.3,general
al inclusve 2bhk14,3,0,1.0,0.3,general
al inclusve 8min,3,0,1.0,0.3,general
al spot,3,0,1.0,0.3,general
alfie,3,0,1.0,0.3,general
alfie moon,3,0,1.0,0.3,general
alfie moon children,3,0,1.0,0.3,general
allergies,3,0,1.0,0.3,general
allotment,3,0,1.0,0.3,general
amit,3,0,1.0,0.3,general
amnties,3,0,1.0,0.3,general
amnties exclnt,3,0,1.0,0.3,general
amnties exclnt connectivity,3,0,1.0,0.3,general
apne mobile pe,3,0,1.0,0.3,general
applicable,3,0,1.0,0.3,general
apply sms,3,0,1.0,0.3,general
apr,3,0,1.0,0.3,general
apts sec143,3,0,1.0,0.3,general
apts sec143 noida,3,0,1.0,0.3,general
arrived arcade,3,0,1.0,0.3,general
arrived arcade kazi,3,0,1.0,0.3,general
asap box97n7qp,3,0,1.0,0.3,general
asap box97n7qp 150ppm,3,0,1.0,0.3,general
asked dating,3,0,1.0,0.3,general
asked dating service,3,0,1.0,0.3,general
assistance income,3,0,1.0,0.3,general
assistance income tax,3,0,1.0,0.3,general
associates,3,0,1.0,0.3,general
assured gifts,3,0,1.0,0.3,general
attempt contact 0871,3,0,1.0,0.3,general
attempt contact txt,3,0,1.0,0.3,general
attempt contact won,3,0,1.0,0.3,general
auction send nokia,3,0,1.0,0.3,general
aur baki,3,0,1.0,0.3,general
aur national,3,0,1.0,0.3,general
aur national sms,3,0,1.0,0.3,general
aur rs 16,3,0,1.0,0.3,general
avail discounts,3,0,1.0,0.3,general
avail inaugural,3,0,1.0,0.3,general
avail special,3,0,1.0,0.3,general
await collection 09050090044,3,0,1.0,0.3,general
await collection cs,3,0,1.0,0.3,general
awaiting collection,3,0,1.0,0.3,general
award free,3,0,1.0,0.3,general
awarded 000,3,0,1.0,0.3,general
awarded 000 bonus,3,0,1.0,0.3,general
ayurvedic product money,3,0,1.0,0.3,general
bajaj,3,0,1.0,0.3,general
balance transfer,3,0,1.0,0.3,general
bank guarantee,3,0,1.0,0.3,financial
beachside living,3,0,1.0,0.3,general
beachside living supertch,3,0,1.0,0.3,general
bedbug rats pest,3,0,1.0,0.3,general
benetton wrist,3,0,1.0,0.3,general
benetton wrist watch,3,0,1.0,0.3,general
best investment,3,0,1.0,0.3,general
best offer,3,0,1.0,0.3,general
bhk apts,3,0,1.0,0.3,general
bhk flat 29,3,0,1.0,0.3,general
bhk premium,3,0,1.0,0.3,general
bhk premium flat,3,0,1.0,0.3,general
bhk sec,3,0,1.0,0.3,general
bhk sec 70,3,0,1.0,0.3,general
bil,3,0,1.0,0.3,general
billed,3,0,1.0,0.3,general
biz 2optout,3,0,1.0,0.3,general
biz 2optout 087187262701,3,0,1.0,0.3,general
blossom greens 4bhk,3,0,1.0,0.3,general
box 114,3,0,1.0,0.3,general
box 114 14,3,0,1.0,0.3,general
box95qu,3,0,1.0,0.3,general
box97n7qp,3,0,1.0,0.3,general
box97n7qp 150ppm,3,0,1.0,0.3,general
business opportunity,3,0,1.0,0.3,general
business opportunity 100,3,0,1.0,0.3,general
bx420,3,0,1.0,0.3,general
bx420 ip4,3,0,1.0,0.3,technical
bx420 ip4 5we,3,0,1.0,0.3,technical
cabs,3,0,1.0,0.3,general
calls minmobsmorelkpobox177hp51fl,3,0,1.0,0.3,general
camera phone upgrade,3,0,1.0,0.3,general
camera phones free,3,0,1.0,0.3,general
cancel send,3,0,1.0,0.3,general
cancel send stop,3,0,1.0,0.3,general
cape,3,0,1.0,0.3,general
cape town,3,0,1.0,0.3,general
cape town sec74,3,0,1.0,0.3,general
car scratches,3,0,1.0,0.3,general
card connection,3,0,1.0,0.3,general
card passport,3,0,1.0,0.3,general
card passport assistance,3,0,1.0,0.3,general
career tip,3,0,1.0,0.3,technical
cash holiday,3,0,1.0,0.3,general
cash prize,3,0,1.0,0.3,general
cash send 86688,3,0,1.0,0.3,general
cc 08718720201 po,3,0,1.0,0.3,general
celeb,3,0,1.0,0.3,general
chance claim,3,0,1.0,0.3,general
chance claim ur,3,0,1.0,0.3,general
chance flat,3,0,1.0,0.3,general
chance win 250,3,0,1.0,0.3,general
charge help 08702840625,3,0,1.0,0.3,general
charge monthly,3,0,1.0,0.3,general
charge monthly rentals,3,0,1.0,0.3,general
charges 10p 10kb,3,0,1.0,0.3,general
charges delivery claim,3,0,1.0,0.3,general
charity 8007,3,0,1.0,0.3,general
charity 8007 nokias,3,0,1.0,0.3,general
charity polys,3,0,1.0,0.3,general
charity polys zed,3,0,1.0,0.3,general
chemical herbal odorless,3,0,1.0,0.3,general
children need,3,0,1.0,0.3,general
children need song,3,0,1.0,0.3,general
choose know,3,0,1.0,0.3,urgency
cinemas,3,0,1.0,0.3,general
claim free camera,3,0,1.0,0.3,general
claim sms,3,0,1.0,0.3,general
claim sms twch,3,0,1.0,0.3,general
claim ur award,3,0,1.0,0.3,general
claim voucher,3,0,1.0,0.3,general
claims,3,0,1.0,0.3,general
club mahindra,3,0,1.0,0.3,general
collect 83355,3,0,1.0,0.3,general
collect today,3,0,1.0,0.3,urgency
collect today www,3,0,1.0,0.3,urgency
collection 09050090044,3,0,1.0,0.3,general
collection 09050090044 toclaim,3,0,1.0,0.3,general
collection cs,3,0,1.0,0.3,general
collection cs sae,3,0,1.0,0.3,general
com enjoy,3,0,1.0,0.3,general
com meru,3,0,1.0,0.3,general
com meru cabs,3,0,1.0,0.3,general
com send,3,0,1.0,0.3,general
com txt,3,0,1.0,0.3,general
com1win150ppmx3age16,3,0,1.0,0.3,general
comp chance,3,0,1.0,0.3,general
comp chance win,3,0,1.0,0.3,general
comp just,3,0,1.0,0.3,general
comp just send,3,0,1.0,0.3,general
complex jwala,3,0,1.0,0.3,general
complex jwala heri,3,0,1.0,0.3,general
complimentary tenerife,3,0,1.0,0.3,general
complimentary tenerife holiday,3,0,1.0,0.3,general
congrats mobile,3,0,1.0,0.3,general
congrats mobile 3g,3,0,1.0,0.3,general
congratulations thanks,3,0,1.0,0.3,general
congratulations thanks good,3,0,1.0,0.3,general
connectivity bhkapts starting,3,0,1.0,0.3,general
contact 0871,3,0,1.0,0.3,general
contact guess,3,0,1.0,0.3,general
contact txt,3,0,1.0,0.3,general
contact txt chat,3,0,1.0,0.3,general
contact won 750,3,0,1.0,0.3,general
content details,3,0,1.0,0.3,general
correct ans,3,0,1.0,0.3,general
cost 150p,3,0,1.0,0.3,general
cost 150ppm,3,0,1.0,0.3,general
cost 50 pm,3,0,1.0,0.3,general
course extn road,3,0,1.0,0.3,general
credits pls goto,3,0,1.0,0.3,financial
crs,3,0,1.0,0.3,general
crs balance,3,0,1.0,0.3,general
crs balance transfer,3,0,1.0,0.3,general
cs po,3,0,1.0,0.3,general
cs po box,3,0,1.0,0.3,general
cs sae,3,0,1.0,0.3,general
csbcm4235wc1n3xx,3,0,1.0,0.3,general
cup offer,3,0,1.0,0.3,general
cust,3,0,1.0,0.3,general
custcare 08712405020,3,0,1.0,0.3,general
customer claim,3,0,1.0,0.3,general
customer claim free,3,0,1.0,0.3,general
customer loyalty,3,0,1.0,0.3,general
customer loyalty offer,3,0,1.0,0.3,general
customers recharge,3,0,1.0,0.3,general
cw25wx 150ppm,3,0,1.0,0.3,general
data card connection,3,0,1.0,0.3,general
dating service contact,3,0,1.0,0.3,general
dating service entered,3,0,1.0,0.3,general
dating service know,3,0,1.0,0.3,urgency
days left,3,0,1.0,0.3,general
days unitech,3,0,1.0,0.3,general
days unitech offers,3,0,1.0,0.3,general
deal visit,3,0,1.0,0.3,general
deal visit www,3,0,1.0,0.3,general
deals pestcontrolservices,3,0,1.0,0.3,general
deals pestcontrolservices chemical,3,0,1.0,0.3,general
dec 10 tak,3,0,1.0,0.3,general
december,3,0,1.0,0.3,general
delivered phone,3,0,1.0,0.3,general
delivered phone access,3,0,1.0,0.3,general
delivery claim sms,3,0,1.0,0.3,general
dial 234 2900,3,0,1.0,0.3,general
dial 234 98,3,0,1.0,0.3,general
dial 567,3,0,1.0,0.3,general
dial 777,3,0,1.0,0.3,general
dial ask,3,0,1.0,0.3,general
dial karein 567,3,0,1.0,0.3,general
din tak,3,0,1.0,0.3,general
direct mobile,3,0,1.0,0.3,general
discounted,3,0,1.0,0.3,general
discounted rate,3,0,1.0,0.3,general
diya ja,3,0,1.0,0.3,general
diya ja raha,3,0,1.0,0.3,general
dload,3,0,1.0,0.3,general
dna,3,0,1.0,0.3,general
dogging locations,3,0,1.0,0.3,general
dogging locations sent,3,0,1.0,0.3,general
domestic,3,0,1.0,0.3,general
door hurry,3,0,1.0,0.3,general
door hurry don,3,0,1.0,0.3,general
download content details,3,0,1.0,0.3,general
download free,3,0,1.0,0.3,general
downloads,3,0,1.0,0.3,general
dp booking,3,0,1.0,0.3,general
dp booking sms,3,0,1.0,0.3,general
duplex,3,0,1.0,0.3,general
earn rs 7000,3,0,1.0,0.3,general
ec2a 3lp,3,0,1.0,0.3,general
edition jp,3,0,1.0,0.3,general
edition jp kensington,3,0,1.0,0.3,general
eerie,3,0,1.0,0.3,general
effect 100,3,0,1.0,0.3,general
effect 100 ayurvedic,3,0,1.0,0.3,general
effects 100,3,0,1.0,0.3,general
electricity power,3,0,1.0,0.3,general
electricity power saver,3,0,1.0,0.3,general
emi till,3,0,1.0,0.3,general
emis,3,0,1.0,0.3,general
enrich,3,0,1.0,0.3,general
entered phone,3,0,1.0,0.3,general
entered receipt,3,0,1.0,0.3,technical
entered receipt correct,3,0,1.0,0.3,technical
entitled update,3,0,1.0,0.3,general
entitled update latest,3,0,1.0,0.3,general
euro2004,3,0,1.0,0.3,general
exercises,3,0,1.0,0.3,general
expires 26,3,0,1.0,0.3,general
extended,3,0,1.0,0.3,general
extention,3,0,1.0,0.3,general
extention just,3,0,1.0,0.3,general
extention just rs,3,0,1.0,0.3,general
fancies,3,0,1.0,0.3,general
fancy landline,3,0,1.0,0.3,general
fantasy,3,0,1.0,0.3,general
fares,3,0,1.0,0.3,general
fastest,3,0,1.0,0.3,general
feb 11 tak,3,0,1.0,0.3,general
fields,3,0,1.0,0.3,general
fields sales,3,0,1.0,0.3,general
fields sales finance,3,0,1.0,0.3,general
finance media,3,0,1.0,0.3,general
flat 29,3,0,1.0,0.3,general
flat 29 lac,3,0,1.0,0.3,general
flights speak,3,0,1.0,0.3,general
flights speak live,3,0,1.0,0.3,general
flooring,3,0,1.0,0.3,general
fluctuations,3,0,1.0,0.3,general
fng possession,3,0,1.0,0.3,general
fng possession 18,3,0,1.0,0.3,general
formula,3,0,1.0,0.3,general
fortis,3,0,1.0,0.3,general
fortis metro,3,0,1.0,0.3,general
fortis metro statn,3,0,1.0,0.3,general
fr members,3,0,1.0,0.3,general
free auction,3,0,1.0,0.3,general
free auction send,3,0,1.0,0.3,general
free benetton,3,0,1.0,0.3,general
free benetton wrist,3,0,1.0,0.3,general
free camera phone,3,0,1.0,0.3,general
free details,3,0,1.0,0.3,general
free gift,3,0,1.0,0.3,general
free just,3,0,1.0,0.3,general
free message,3,0,1.0,0.3,general
free mobile update,3,0,1.0,0.3,general
free mobileupd8 08000839402,3,0,1.0,0.3,general
free phone,3,0,1.0,0.3,general
free reply,3,0,1.0,0.3,general
free scheme,3,0,1.0,0.3,general
freefone,3,0,1.0,0.3,general
freemsg hey,3,0,1.0,0.3,general
freephone 0800,3,0,1.0,0.3,general
freephone 0800 542,3,0,1.0,0.3,general
friend won,3,0,1.0,0.3,general
friend won 000,3,0,1.0,0.3,general
funds,3,0,1.0,0.3,general
funds loan,3,0,1.0,0.3,general
funds loan property,3,0,1.0,0.3,general
games dload,3,0,1.0,0.3,general
gaming,3,0,1.0,0.3,general
gbp,3,0,1.0,0.3,general
getzed uk pobox,3,0,1.0,0.3,general
ghante mein offer,3,0,1.0,0.3,general
gift guaranteed,3,0,1.0,0.3,general
gift voucher entered,3,0,1.0,0.3,general
good friend,3,0,1.0,0.3,general
good friend won,3,0,1.0,0.3,general
goto www comuk,3,0,1.0,0.3,general
govt lab,3,0,1.0,0.3,general
govt lab tested,3,0,1.0,0.3,general
gr,3,0,1.0,0.3,general
gr noida,3,0,1.0,0.3,general
grand prix,3,0,1.0,0.3,general
greens 4bhk,3,0,1.0,0.3,general
greens 4bhk apts,3,0,1.0,0.3,general
growing,3,0,1.0,0.3,general
guaranteed returns,3,0,1.0,0.3,general
half price orange,3,0,1.0,0.3,general
help 08702840625,3,0,1.0,0.3,general
help 08702840625 comuk,3,0,1.0,0.3,general
herbal odorless,3,0,1.0,0.3,general
herbal odorless dial,3,0,1.0,0.3,general
high street,3,0,1.0,0.3,general
hiring,3,0,1.0,0.3,general
hl,3,0,1.0,0.3,general
ho aapko,3,0,1.0,0.3,general
ho aapko diya,3,0,1.0,0.3,general
holiday 5000 await,3,0,1.0,0.3,general
holiday await,3,0,1.0,0.3,general
holiday await collection,3,0,1.0,0.3,general
holiday flights,3,0,1.0,0.3,general
holiday flights speak,3,0,1.0,0.3,general
holiday village,3,0,1.0,0.3,general
holiday village xpandabl,3,0,1.0,0.3,general
home noida extention,3,0,1.0,0.3,general
honey products,3,0,1.0,0.3,general
hot live,3,0,1.0,0.3,general
hot live fantasies,3,0,1.0,0.3,general
hotels,3,0,1.0,0.3,general
hotmail com,3,0,1.0,0.3,general
hr acc,3,0,1.0,0.3,general
hrs video clip,3,0,1.0,0.3,technical
ibiza,3,0,1.0,0.3,general
ibiza holiday,3,0,1.0,0.3,general
ibiza holiday 10,3,0,1.0,0.3,general
icf 5499,3,0,1.0,0.3,general
icici home,3,0,1.0,0.3,general
icici home loans,3,0,1.0,0.3,general
important customer,3,0,1.0,0.3,general
important customer service,3,0,1.0,0.3,general
important information orange,3,0,1.0,0.3,general
inaugural discount,3,0,1.0,0.3,general
inclusive text,3,0,1.0,0.3,general
inclusive text credits,3,0,1.0,0.3,financial
inclusve 2bhk14,3,0,1.0,0.3,general
inclusve 2bhk14 5lacs,3,0,1.0,0.3,general
inclusve 8min,3,0,1.0,0.3,general
inclusve 8min 4m,3,0,1.0,0.3,general
incredible,3,0,1.0,0.3,general
information orange,3,0,1.0,0.3,general
information orange user,3,0,1.0,0.3,general
installment,3,0,1.0,0.3,general
internet surfing,3,0,1.0,0.3,general
intl,3,0,1.0,0.3,general
investors,3,0,1.0,0.3,general
invited xchat final,3,0,1.0,0.3,general
iso,3,0,1.0,0.3,general
ist,3,0,1.0,0.3,general
ja raha,3,0,1.0,0.3,general
ja raha hai,3,0,1.0,0.3,general
jan 10,3,0,1.0,0.3,general
janiye,3,0,1.0,0.3,general
java games,3,0,1.0,0.3,general
java games dload,3,0,1.0,0.3,general
jobs fields,3,0,1.0,0.3,general
jobs fields sales,3,0,1.0,0.3,general
jobsansaar,3,0,1.0,0.3,general
jobsansaar com,3,0,1.0,0.3,general
john players,3,0,1.0,0.3,general
join uk largest,3,0,1.0,0.3,general
just 25p,3,0,1.0,0.3,general
just 60p,3,0,1.0,0.3,general
just 60p min,3,0,1.0,0.3,general
just arrived arcade,3,0,1.0,0.3,general
just rs 13,3,0,1.0,0.3,general
just send word,3,0,1.0,0.3,general
ka free,3,0,1.0,0.3,general
ka free subscription,3,0,1.0,0.3,technical
kare 9310,3,0,1.0,0.3,general
kareena,3,0,1.0,0.3,general
karein 567,3,0,1.0,0.3,general
karein 58888,3,0,1.0,0.3,general
karein 58888 pe,3,0,1.0,0.3,general
karolbagh ph,3,0,1.0,0.3,general
karte hi,3,0,1.0,0.3,general
ke liye sirf,3,0,1.0,0.3,general
keejiye,3,0,1.0,0.3,general
key nokia,3,0,1.0,0.3,general
kijiye,3,0,1.0,0.3,general
know asked,3,0,1.0,0.3,urgency
know asked dating,3,0,1.0,0.3,urgency
know sms,3,0,1.0,0.3,urgency
krishna complex,3,0,1.0,0.3,general
krishna complex jwala,3,0,1.0,0.3,general
lab tested,3,0,1.0,0.3,general
lab tested rs,3,0,1.0,0.3,general
lac al spot,3,0,1.0,0.3,general
lac onwrds adjoining,3,0,1.0,0.3,general
lac onwrds sms,3,0,1.0,0.3,general
lacs al,3,0,1.0,0.3,general
landline 5000,3,0,1.0,0.3,general
landline 5000 cash,3,0,1.0,0.3,general
landmark,3,0,1.0,0.3,general
latest camera phones,3,0,1.0,0.3,general
lcd,3,0,1.0,0.3,general
ldew com,3,0,1.0,0.3,general
ldew com1win150ppmx3age16,3,0,1.0,0.3,general
leading,3,0,1.0,0.3,general
lg,3,0,1.0,0.3,general
lifestyle,3,0,1.0,0.3,general
limited golf,3,0,1.0,0.3,general
limited golf plots,3,0,1.0,0.3,general
limited seats available,3,0,1.0,0.3,general
live fantasies,3,0,1.0,0.3,general
live long,3,0,1.0,0.3,general
live long pressing,3,0,1.0,0.3,general
live mms,3,0,1.0,0.3,general
live pay,3,0,1.0,0.3,general
live pay download,3,0,1.0,0.3,general
liverpool arsenal,3,0,1.0,0.3,general
living supertch,3,0,1.0,0.3,general
living supertch holiday,3,0,1.0,0.3,general
liye kare 9310,3,0,1.0,0.3,general
liye manya balance,3,0,1.0,0.3,general
liye sirf,3,0,1.0,0.3,general
lkhs,3,0,1.0,0.3,general
lkhs 40,3,0,1.0,0.3,general
lkhs 40 crs,3,0,1.0,0.3,general
loan property,3,0,1.0,0.3,general
loan property 11,3,0,1.0,0.3,general
local aur national,3,0,1.0,0.3,general
local calls,3,0,1.0,0.3,general
local std 50p,3,0,1.0,0.3,general
login 3qxj9,3,0,1.0,0.3,general
login 3qxj9 unsubscribe,3,0,1.0,0.3,general
logon www,3,0,1.0,0.3,general
long pressing,3,0,1.0,0.3,general
long pressing key,3,0,1.0,0.3,general
looking time,3,0,1.0,0.3,general
looking time income,3,0,1.0,0.3,general
loyal,3,0,1.0,0.3,general
loyalty offer,3,0,1.0,0.3,general
loyalty offer new,3,0,1.0,0.3,general
luxury redefined,3,0,1.0,0.3,general
m26,3,0,1.0,0.3,general
m26 3uz,3,0,1.0,0.3,general
m8s,3,0,1.0,0.3,general
m8s txt,3,0,1.0,0.3,general
m8s txt tone,3,0,1.0,0.3,general
mahindra,3,0,1.0,0.3,general
manipal,3,0,1.0,0.3,technical
manufacturing,3,0,1.0,0.3,general
manya balance ke,3,0,1.0,0.3,general
market fluctuations,3,0,1.0,0.3,general
master program,3,0,1.0,0.3,general
mates play,3,0,1.0,0.3,general
mates play java,3,0,1.0,0.3,general
mates www,3,0,1.0,0.3,general
mates www getzed,3,0,1.0,0.3,general
max 50,3,0,1.0,0.3,general
max disc,3,0,1.0,0.3,general
max10mins,3,0,1.0,0.3,general
mein dial,3,0,1.0,0.3,general
mein offer,3,0,1.0,0.3,general
member offers mobile,3,0,1.0,0.3,general
members free benetton,3,0,1.0,0.3,general
members just,3,0,1.0,0.3,general
members just pay,3,0,1.0,0.3,general
meru cabs,3,0,1.0,0.3,general
merucabs,3,0,1.0,0.3,general
merucabs com,3,0,1.0,0.3,general
merucabs com meru,3,0,1.0,0.3,general
messaging,3,0,1.0,0.3,general
metro stn,3,0,1.0,0.3,general
minmobsmorelkpobox177hp51fl,3,0,1.0,0.3,general
mins 150 text,3,0,1.0,0.3,general
mitti,3,0,1.0,0.3,general
mkt paschim viha,3,0,1.0,0.3,general
mnc,3,0,1.0,0.3,general
mnths starting,3,0,1.0,0.3,general
mnths starting bsp,3,0,1.0,0.3,general
mob tell,3,0,1.0,0.3,general
mob tell ur,3,0,1.0,0.3,general
mobile 10 txtauction,3,0,1.0,0.3,general
mobile 3g,3,0,1.0,0.3,general
mobile 3g videophones,3,0,1.0,0.3,general
mobile join,3,0,1.0,0.3,general
mobile number won,3,0,1.0,0.3,general
mobile phones,3,0,1.0,0.3,general
mobile update,3,0,1.0,0.3,general
mobile week,3,0,1.0,0.3,general
mobiles 2004,3,0,1.0,0.3,general
mobiles 2004 txt,3,0,1.0,0.3,general
monthly rentals,3,0,1.0,0.3,general
moon children,3,0,1.0,0.3,general
moon children need,3,0,1.0,0.3,general
mp3 player 500,3,0,1.0,0.3,general
mrp2600,3,0,1.0,0.3,general
mrp2600 pay,3,0,1.0,0.3,general
mrp2600 pay rs499,3,0,1.0,0.3,general
msg 150p,3,0,1.0,0.3,general
msg rcvd,3,0,1.0,0.3,general
msgrcvdhg,3,0,1.0,0.3,general
msgrcvdhg suite342,3,0,1.0,0.3,general
msgrcvdhg suite342 2lands,3,0,1.0,0.3,general
mtd edition jp,3,0,1.0,0.3,general
mtmsg18,3,0,1.0,0.3,general
mtmsgrcvd18,3,0,1.0,0.3,general
mubarak ho aapko,3,0,1.0,0.3,general
muft offer,3,0,1.0,0.3,general
music noline,3,0,1.0,0.3,general
music noline rentl,3,0,1.0,0.3,general
nat,3,0,1.0,0.3,general
nat rate,3,0,1.0,0.3,general
natural aloe,3,0,1.0,0.3,general
natural aloe vera,3,0,1.0,0.3,general
naya,3,0,1.0,0.3,general
nearest,3,0,1.0,0.3,general
need funds,3,0,1.0,0.3,general
need funds loan,3,0,1.0,0.3,general
need song,3,0,1.0,0.3,general
need song ur,3,0,1.0,0.3,general
net custcare,3,0,1.0,0.3,general
net login 3qxj9,3,0,1.0,0.3,general
network mins 150,3,0,1.0,0.3,general
network operator,3,0,1.0,0.3,general
networks,3,0,1.0,0.3,general
new mobile,3,0,1.0,0.3,general
new mobiles,3,0,1.0,0.3,general
new mobiles 2004,3,0,1.0,0.3,general
new moradabad,3,0,1.0,0.3,general
new offer,3,0,1.0,0.3,general
nick,3,0,1.0,0.3,general
night safari,3,0,1.0,0.3,general
noida bhk,3,0,1.0,0.3,general
noida bhk flat,3,0,1.0,0.3,general
noida extention,3,0,1.0,0.3,general
noida extention just,3,0,1.0,0.3,general
noida way fng,3,0,1.0,0.3,general
nokia 8007,3,0,1.0,0.3,general
nokia 86021 hg,3,0,1.0,0.3,general
nokia 89545,3,0,1.0,0.3,general
nokia 89545 collect,3,0,1.0,0.3,general
nokia phone 40gb,3,0,1.0,0.3,general
nokias,3,0,1.0,0.3,general
nokias poly,3,0,1.0,0.3,general
nokias poly charity,3,0,1.0,0.3,general
noline,3,0,1.0,0.3,general
noline rentl,3,0,1.0,0.3,general
norm150p,3,0,1.0,0.3,general
norm150p tone,3,0,1.0,0.3,general
north south,3,0,1.0,0.3,general
ntwk,3,0,1.0,0.3,general
number contest,3,0,1.0,0.3,general
number use,3,0,1.0,0.3,general
number use services,3,0,1.0,0.3,general
nyt ec2a,3,0,1.0,0.3,general
nyt ec2a 3lp,3,0,1.0,0.3,general
odorless,3,0,1.0,0.3,general
odorless dial,3,0,1.0,0.3,general
odorless dial ask,3,0,1.0,0.3,general
offer 15,3,0,1.0,0.3,general
offer till,3,0,1.0,0.3,general
offer valid,3,0,1.0,0.3,general
offer video,3,0,1.0,0.3,general
offers bhk,3,0,1.0,0.3,general
offers bhk sec,3,0,1.0,0.3,general
ongratulations,3,0,1.0,0.3,general
onward,3,0,1.0,0.3,general
onward priority,3,0,1.0,0.3,general
onward priority booking,3,0,1.0,0.3,general
onwrds adjoining,3,0,1.0,0.3,general
onwrds adjoining 100,3,0,1.0,0.3,general
onwrds sms,3,0,1.0,0.3,general
opportunity 100,3,0,1.0,0.3,general
opportunity 100 natural,3,0,1.0,0.3,general
optout txt,3,0,1.0,0.3,general
orange line,3,0,1.0,0.3,general
orange line rental,3,0,1.0,0.3,general
orange tariffs latest,3,0,1.0,0.3,general
orange user,3,0,1.0,0.3,general
oranges,3,0,1.0,0.3,general
order reference number,3,0,1.0,0.3,general
org,3,0,1.0,0.3,general
outgoing,3,0,1.0,0.3,general
packages,3,0,1.0,0.3,general
packers,3,0,1.0,0.3,general
packers movers,3,0,1.0,0.3,general
pan card passport,3,0,1.0,0.3,general
panasonic,3,0,1.0,0.3,general
par rs136,3,0,1.0,0.3,general
par rs136 71,3,0,1.0,0.3,general
paramount presents,3,0,1.0,0.3,general
paschim viha,3,0,1.0,0.3,general
passport assistance income,3,0,1.0,0.3,general
past 55352,3,0,1.0,0.3,general
past 55352 ex,3,0,1.0,0.3,general
pay download,3,0,1.0,0.3,general
pay download content,3,0,1.0,0.3,general
pay rs 499,3,0,1.0,0.3,general
pay rs499,3,0,1.0,0.3,general
pay rs499 handling,3,0,1.0,0.3,general
pd,3,0,1.0,0.3,general
pd 56070,3,0,1.0,0.3,general
pe talktime,3,0,1.0,0.3,general
pecial,3,0,1.0,0.3,general
peek,3,0,1.0,0.3,general
pence,3,0,1.0,0.3,general
pest 4best,3,0,1.0,0.3,general
pest 4best deals,3,0,1.0,0.3,general
pestcontrolservices,3,0,1.0,0.3,general
pestcontrolservices chemical,3,0,1.0,0.3,general
pestcontrolservices chemical herbal,3,0,1.0,0.3,general
ph 9311304872,3,0,1.0,0.3,general
ph 9311304872 9268250573,3,0,1.0,0.3,general
phase cape,3,0,1.0,0.3,general
phase cape town,3,0,1.0,0.3,general
phone 40gb,3,0,1.0,0.3,general
phone 40gb ipod,3,0,1.0,0.3,technical
phone 750,3,0,1.0,0.3,general
phone 750 anytime,3,0,1.0,0.3,general
phone access,3,0,1.0,0.3,general
phone access airtel,3,0,1.0,0.3,general
phone upgrade,3,0,1.0,0.3,general
pl update,3,0,1.0,0.3,general
play java,3,0,1.0,0.3,general
play java games,3,0,1.0,0.3,general
player 500,3,0,1.0,0.3,general
player 500 prize,3,0,1.0,0.3,general
pls goto,3,0,1.0,0.3,general
pls goto www,3,0,1.0,0.3,general
pls save,3,0,1.0,0.3,general
pls save settings,3,0,1.0,0.3,general
pm ist,3,0,1.0,0.3,general
pm max10mins,3,0,1.0,0.3,general
po box 114,3,0,1.0,0.3,general
pobox 36504 w45wq,3,0,1.0,0.3,general
pobox334,3,0,1.0,0.3,general
pobox334 stockport,3,0,1.0,0.3,general
pobox334 stockport sk38xh,3,0,1.0,0.3,general
pobox36504w45wq,3,0,1.0,0.3,general
pod,3,0,1.0,0.3,general
points claim,3,0,1.0,0.3,general
poll,3,0,1.0,0.3,general
poly charity,3,0,1.0,0.3,general
poly charity polys,3,0,1.0,0.3,general
polys zed,3,0,1.0,0.3,general
polys zed 08701417012,3,0,1.0,0.3,general
popular,3,0,1.0,0.3,general
possesion,3,0,1.0,0.3,general
possession 18,3,0,1.0,0.3,general
possession 18 mnths,3,0,1.0,0.3,general
postcode,3,0,1.0,0.3,general
pound prize,3,0,1.0,0.3,general
pound prize claim,3,0,1.0,0.3,general
pounds week,3,0,1.0,0.3,general
power saver govt,3,0,1.0,0.3,general
ppm,3,0,1.0,0.3,general
premium flat,3,0,1.0,0.3,general
presnt,3,0,1.0,0.3,general
presnts 2nd,3,0,1.0,0.3,general
presnts 2nd phase,3,0,1.0,0.3,general
pressing,3,0,1.0,0.3,general
pressing key,3,0,1.0,0.3,general
pressing key nokia,3,0,1.0,0.3,general
price orange,3,0,1.0,0.3,general
price orange line,3,0,1.0,0.3,general
prime,3,0,1.0,0.3,general
priority booking,3,0,1.0,0.3,general
priority booking sms,3,0,1.0,0.3,general
prize txt,3,0,1.0,0.3,general
prize txt word,3,0,1.0,0.3,general
product money,3,0,1.0,0.3,general
product money guarantee,3,0,1.0,0.3,general
profit charity,3,0,1.0,0.3,general
property 11,3,0,1.0,0.3,general
property 11 resi,3,0,1.0,0.3,general
psf yrs,3,0,1.0,0.3,general
psf yrs free,3,0,1.0,0.3,general
pvt,3,0,1.0,0.3,general
quiz win,3,0,1.0,0.3,general
racing track night,3,0,1.0,0.3,general
raha hai,3,0,1.0,0.3,general
rate apply,3,0,1.0,0.3,general
rate revisng soon,3,0,1.0,0.3,general
rates apply,3,0,1.0,0.3,general
rats pest,3,0,1.0,0.3,general
rats pest 4best,3,0,1.0,0.3,general
rc,3,0,1.0,0.3,general
rcv,3,0,1.0,0.3,general
real dogging,3,0,1.0,0.3,general
real dogging locations,3,0,1.0,0.3,general
realtors,3,0,1.0,0.3,general
reat,3,0,1.0,0.3,general
recd,3,0,1.0,0.3,general
receipt correct,3,0,1.0,0.3,technical
receipt correct ans,3,0,1.0,0.3,technical
receive visit,3,0,1.0,0.3,general
receive visit airtel,3,0,1.0,0.3,general
recharge karte,3,0,1.0,0.3,general
recharge karte hi,3,0,1.0,0.3,general
recharge par rs136,3,0,1.0,0.3,general
recharge pe talktime,3,0,1.0,0.3,general
recharge rs47,3,0,1.0,0.3,general
recharge rs75,3,0,1.0,0.3,general
recharge rs99,3,0,1.0,0.3,general
recommends logix,3,0,1.0,0.3,general
recommends logix blossom,3,0,1.0,0.3,general
redefined,3,0,1.0,0.3,general
refer,3,0,1.0,0.3,general
reference number,3,0,1.0,0.3,general
releasing limited,3,0,1.0,0.3,general
releasing limited golf,3,0,1.0,0.3,general
rental camcorder,3,0,1.0,0.3,general
rentals,3,0,1.0,0.3,general
rentl,3,0,1.0,0.3,general
replies free,3,0,1.0,0.3,general
reply 08000930705 delivery,3,0,1.0,0.3,general
reply delivery tomorrow,3,0,1.0,0.3,general
reply end,3,0,1.0,0.3,general
reply hl,3,0,1.0,0.3,general
reply offer video,3,0,1.0,0.3,general
reply real,3,0,1.0,0.3,general
reply sms,3,0,1.0,0.3,general
reply video,3,0,1.0,0.3,general
reply video clip,3,0,1.0,0.3,technical
reply win,3,0,1.0,0.3,general
resi comm,3,0,1.0,0.3,general
residential plot,3,0,1.0,0.3,general
retail shop,3,0,1.0,0.3,general
revisng soon,3,0,1.0,0.3,general
revisng soon supertech,3,0,1.0,0.3,general
road gurgaon,3,0,1.0,0.3,general
rockstar,3,0,1.0,0.3,general
royale,3,0,1.0,0.3,general
rs 1000,3,0,1.0,0.3,general
rs 1050,3,0,1.0,0.3,general
rs 1050 free,3,0,1.0,0.3,general
rs 13 99,3,0,1.0,0.3,general
rs 149,3,0,1.0,0.3,general
rs 15,3,0,1.0,0.3,general
rs 16 29,3,0,1.0,0.3,general
rs 165,3,0,1.0,0.3,general
rs 17,3,0,1.0,0.3,general
rs 2000,3,0,1.0,0.3,general
rs 399,3,0,1.0,0.3,general
rs 499,3,0,1.0,0.3,general
rs 50,3,0,1.0,0.3,general
rs 500,3,0,1.0,0.3,general
rs 799,3,0,1.0,0.3,general
rs 99,3,0,1.0,0.3,general
rs min,3,0,1.0,0.3,general
rs10 10,3,0,1.0,0.3,general
rs10 10 din,3,0,1.0,0.3,general
rs136,3,0,1.0,0.3,general
rs136 71,3,0,1.0,0.3,general
rs136 71 aur,3,0,1.0,0.3,general
rs153,3,0,1.0,0.3,general
rs153 ke,3,0,1.0,0.3,general
rs153 ke recharge,3,0,1.0,0.3,general
rs17,3,0,1.0,0.3,general
rs25 ka,3,0,1.0,0.3,general
rs25 ka talktime,3,0,1.0,0.3,general
rs30 month,3,0,1.0,0.3,general
rs444 ka,3,0,1.0,0.3,general
rs444 ka talktime,3,0,1.0,0.3,general
rs444 ke,3,0,1.0,0.3,general
rs444 ke recharge,3,0,1.0,0.3,general
rs47,3,0,1.0,0.3,general
rs499,3,0,1.0,0.3,general
rs499 handling,3,0,1.0,0.3,general
rs499 handling charges,3,0,1.0,0.3,general
sabhi calls,3,0,1.0,0.3,general
sabhi calls ke,3,0,1.0,0.3,general
sae cs po,3,0,1.0,0.3,general
sakta hai,3,0,1.0,0.3,general
sales finance,3,0,1.0,0.3,general
sales finance media,3,0,1.0,0.3,general
samay,3,0,1.0,0.3,general
sample,3,0,1.0,0.3,general
sanskriti,3,0,1.0,0.3,general
sanskriti bhk,3,0,1.0,0.3,general
sanskriti bhk premium,3,0,1.0,0.3,general
save settings receive,3,0,1.0,0.3,general
save upto 40,3,0,1.0,0.3,general
saver govt,3,0,1.0,0.3,general
saver govt lab,3,0,1.0,0.3,general
saving,3,0,1.0,0.3,general
scott,3,0,1.0,0.3,general
sdm,3,0,1.0,0.3,general
se aur,3,0,1.0,0.3,general
seats available,3,0,1.0,0.3,general
sec 137,3,0,1.0,0.3,general
sec 137 noida,3,0,1.0,0.3,general
sec 37,3,0,1.0,0.3,general
sec 70,3,0,1.0,0.3,general
sec143,3,0,1.0,0.3,general
sec143 noida,3,0,1.0,0.3,general
sec143 noida way,3,0,1.0,0.3,general
sec74,3,0,1.0,0.3,general
sec74 noida,3,0,1.0,0.3,general
sec74 noida bhk,3,0,1.0,0.3,general
send 86688,3,0,1.0,0.3,general
send 86688 150p,3,0,1.0,0.3,general
send nokia,3,0,1.0,0.3,general
send word,3,0,1.0,0.3,general
service contact,3,0,1.0,0.3,general
service contact guess,3,0,1.0,0.3,general
service entered,3,0,1.0,0.3,general
service entered phone,3,0,1.0,0.3,general
service know,3,0,1.0,0.3,urgency
services inclusive,3,0,1.0,0.3,general
services inclusive text,3,0,1.0,0.3,general
services pls,3,0,1.0,0.3,general
services pls save,3,0,1.0,0.3,general
settings receive visit,3,0,1.0,0.3,general
sf 27,3,0,1.0,0.3,general
sf 27 lac,3,0,1.0,0.3,general
shows 786,3,0,1.0,0.3,general
shows 786 unredeemed,3,0,1.0,0.3,general
shows won 1000,3,0,1.0,0.3,general
shows won 2000,3,0,1.0,0.3,general
silver titan,3,0,1.0,0.3,general
sk38xh cost,3,0,1.0,0.3,general
sk38xh cost 50,3,0,1.0,0.3,general
skilgme,3,0,1.0,0.3,general
sms 10,3,0,1.0,0.3,general
sms alert,3,0,1.0,0.3,general
sms auction,3,0,1.0,0.3,general
sms free,3,0,1.0,0.3,general
sms icc,3,0,1.0,0.3,general
sms icf,3,0,1.0,0.3,general
sms join,3,0,1.0,0.3,general
sms pack,3,0,1.0,0.3,general
sms past 55352,3,0,1.0,0.3,general
sms pd,3,0,1.0,0.3,general
sms pd 56070,3,0,1.0,0.3,general
sms services inclusive,3,0,1.0,0.3,general
sms twch,3,0,1.0,0.3,general
sms wa,3,0,1.0,0.3,general
sms wa 56677,3,0,1.0,0.3,general
sol holiday 5000,3,0,1.0,0.3,general
sold days,3,0,1.0,0.3,general
sold days unitech,3,0,1.0,0.3,general
song ur,3,0,1.0,0.3,general
song ur mob,3,0,1.0,0.3,general
sony dvd,3,0,1.0,0.3,general
soon supertech,3,0,1.0,0.3,general
soon supertech presnts,3,0,1.0,0.3,general
spa,3,0,1.0,0.3,general
spl offer,3,0,1.0,0.3,general
start 81151,3,0,1.0,0.3,general
start 81151 4t,3,0,1.0,0.3,general
starting bsp,3,0,1.0,0.3,general
std 50p,3,0,1.0,0.3,general
std 50p min,3,0,1.0,0.3,general
std talktime,3,0,1.0,0.3,general
std txt,3,0,1.0,0.3,general
std txt rate,3,0,1.0,0.3,general
stn,3,0,1.0,0.3,general
stockport,3,0,1.0,0.3,general
stockport sk38xh,3,0,1.0,0.3,general
stockport sk38xh cost,3,0,1.0,0.3,general
stop 50,3,0,1.0,0.3,general
stop sms,3,0,1.0,0.3,general
stop txt stop,3,0,1.0,0.3,general
store 88039,3,0,1.0,0.3,general
store 88039 skilgme,3,0,1.0,0.3,general
sub 16,3,0,1.0,0.3,general
submit resume,3,0,1.0,0.3,general
subscribed,3,0,1.0,0.3,general
summer collection,3,0,1.0,0.3,general
sunglasses,3,0,1.0,0.3,general
sunshine quiz,3,0,1.0,0.3,general
superhit,3,0,1.0,0.3,general
supertch holiday village,3,0,1.0,0.3,general
supertech presnts 2nd,3,0,1.0,0.3,general
sweatshirts,3,0,1.0,0.3,general
talktime rs444,3,0,1.0,0.3,general
talktime rs444 ke,3,0,1.0,0.3,general
tariff validity,3,0,1.0,0.3,general
tariffs latest,3,0,1.0,0.3,general
tc biz,3,0,1.0,0.3,general
tc biz 2optout,3,0,1.0,0.3,general
tcr,3,0,1.0,0.3,general
tcr w1,3,0,1.0,0.3,general
tea ph 9311304872,3,0,1.0,0.3,general
tell ur m8s,3,0,1.0,0.3,general
terms conditions,3,0,1.0,0.3,general
tested,3,0,1.0,0.3,general
tested rs,3,0,1.0,0.3,general
tested rs 1050,3,0,1.0,0.3,general
text camcorder,3,0,1.0,0.3,general
text camcorder reply,3,0,1.0,0.3,general
text yes 85023,3,0,1.0,0.3,general
textcomp,3,0,1.0,0.3,general
textoperator,3,0,1.0,0.3,general
texts 08712460324 10p,3,0,1.0,0.3,general
texts 08712460324 nat,3,0,1.0,0.3,general
thailand,3,0,1.0,0.3,general
thanks good,3,0,1.0,0.3,general
thanks good friend,3,0,1.0,0.3,general
thomas,3,0,1.0,0.3,general
thomas scott,3,0,1.0,0.3,general
time income,3,0,1.0,0.3,general
titan,3,0,1.0,0.3,general
toclaim,3,0,1.0,0.3,general
toclaim sae,3,0,1.0,0.3,general
today www,3,0,1.0,0.3,urgency
today www tc,3,0,1.0,0.3,urgency
tone charity,3,0,1.0,0.3,general
tone charity 8007,3,0,1.0,0.3,general
tone free,3,0,1.0,0.3,general
tone txt,3,0,1.0,0.3,general
tonight want,3,0,1.0,0.3,general
town sec74,3,0,1.0,0.3,general
town sec74 noida,3,0,1.0,0.3,general
track night,3,0,1.0,0.3,general
track night safari,3,0,1.0,0.3,general
trailer,3,0,1.0,0.3,general
trainings,3,0,1.0,0.3,general
treatment,3,0,1.0,0.3,general
tried reply,3,0,1.0,0.3,general
tried reply sms,3,0,1.0,0.3,general
tunes,3,0,1.0,0.3,general
twch,3,0,1.0,0.3,general
twilight saga,3,0,1.0,0.3,general
txt nokia 8007,3,0,1.0,0.3,general
txt nokia 89545,3,0,1.0,0.3,general
txt pod,3,0,1.0,0.3,general
txt rate,3,0,1.0,0.3,general
txt rate apply,3,0,1.0,0.3,general
txt tone,3,0,1.0,0.3,general
txt tone charity,3,0,1.0,0.3,general
txt ur,3,0,1.0,0.3,general
txt word collect,3,0,1.0,0.3,general
txt word start,3,0,1.0,0.3,general
txtauction txt,3,0,1.0,0.3,general
txtauction txt word,3,0,1.0,0.3,general
txts orange,3,0,1.0,0.3,general
uk largest,3,0,1.0,0.3,general
uk largest dogging,3,0,1.0,0.3,general
uk pobox,3,0,1.0,0.3,general
uk pobox 36504,3,0,1.0,0.3,general
uks,3,0,1.0,0.3,general
ultimate,3,0,1.0,0.3,general
ultra,3,0,1.0,0.3,general
unitech offers,3,0,1.0,0.3,general
unitech offers bhk,3,0,1.0,0.3,general
units left,3,0,1.0,0.3,general
units sold,3,0,1.0,0.3,general
units sold days,3,0,1.0,0.3,general
unlimited free,3,0,1.0,0.3,general
unlimited text camcorder,3,0,1.0,0.3,general
unlimited validity,3,0,1.0,0.3,general
unlimited validity recharge,3,0,1.0,0.3,general
unredeemed,3,0,1.0,0.3,general
unsub stop,3,0,1.0,0.3,general
update latest colour,3,0,1.0,0.3,general
upto 40 electricity,3,0,1.0,0.3,general
upto rs,3,0,1.0,0.3,general
ur area,3,0,1.0,0.3,general
ur award,3,0,1.0,0.3,general
ur award free,3,0,1.0,0.3,general
ur chance,3,0,1.0,0.3,general
ur chance win,3,0,1.0,0.3,general
ur door hurry,3,0,1.0,0.3,general
ur dream,3,0,1.0,0.3,general
ur m8s,3,0,1.0,0.3,general
ur m8s txt,3,0,1.0,0.3,general
ur mates www,3,0,1.0,0.3,general
ur mob tell,3,0,1.0,0.3,general
ur phone,3,0,1.0,0.3,general
urgent 09066612661,3,0,1.0,0.3,urgency
urgent 09066612661 landline,3,0,1.0,0.3,urgency
usage 30p,3,0,1.0,0.3,general
use services,3,0,1.0,0.3,general
use services pls,3,0,1.0,0.3,general
validity 30 din,3,0,1.0,0.3,general
validity recharge stay,3,0,1.0,0.3,general
ve invited,3,0,1.0,0.3,general
ve invited xchat,3,0,1.0,0.3,general
ve won,3,0,1.0,0.3,general
vibration belt,3,0,1.0,0.3,general
video karein,3,0,1.0,0.3,general
video karein 58888,3,0,1.0,0.3,general
video phone 750,3,0,1.0,0.3,general
videochat,3,0,1.0,0.3,general
videochat wid,3,0,1.0,0.3,general
videophones,3,0,1.0,0.3,general
viha,3,0,1.0,0.3,general
vihar,3,0,1.0,0.3,general
village noida extn,3,0,1.0,0.3,general
village xpandabl,3,0,1.0,0.3,general
village xpandabl villas,3,0,1.0,0.3,general
visit airtel,3,0,1.0,0.3,general
visit airtel live,3,0,1.0,0.3,general
voucher entered,3,0,1.0,0.3,general
voucher entered receipt,3,0,1.0,0.3,technical
w45wq,3,0,1.0,0.3,general
wa 56677,3,0,1.0,0.3,general
wait releasing,3,0,1.0,0.3,general
wait releasing limited,3,0,1.0,0.3,general
wallpaper,3,0,1.0,0.3,general
want real dogging,3,0,1.0,0.3,general
watch mrp2600,3,0,1.0,0.3,general
watch mrp2600 pay,3,0,1.0,0.3,general
way fng,3,0,1.0,0.3,general
way fng possession,3,0,1.0,0.3,general
wc1n3xx,3,0,1.0,0.3,general
week free,3,0,1.0,0.3,general
week starting,3,0,1.0,0.3,general
weekend calls,3,0,1.0,0.3,general
weekly comp just,3,0,1.0,0.3,general
welcome business,3,0,1.0,0.3,general
welcome business opportunity,3,0,1.0,0.3,general
whats number,3,0,1.0,0.3,general
whats number contest,3,0,1.0,0.3,general
wide road,3,0,1.0,0.3,general
win 250,3,0,1.0,0.3,general
win free auction,3,0,1.0,0.3,general
wk free,3,0,1.0,0.3,general
wkly comp,3,0,1.0,0.3,general
wkly draw,3,0,1.0,0.3,general
won 000 xmas,3,0,1.0,0.3,general
won 1000,3,0,1.0,0.3,general
won 2000 prize,3,0,1.0,0.3,general
won 750,3,0,1.0,0.3,general
won 750 pound,3,0,1.0,0.3,general
won nokia,3,0,1.0,0.3,general
wooden,3,0,1.0,0.3,general
woods,3,0,1.0,0.3,general
word collect,3,0,1.0,0.3,general
word collect 83355,3,0,1.0,0.3,general
word start,3,0,1.0,0.3,general
word start 81151,3,0,1.0,0.3,general
world cup offer,3,0,1.0,0.3,general
wrist watch mrp2600,3,0,1.0,0.3,general
wrth,3,0,1.0,0.3,general
wrth rs,3,0,1.0,0.3,general
www ldew com,3,0,1.0,0.3,general
www ldew com1win150ppmx3age16,3,0,1.0,0.3,general
www merucabs,3,0,1.0,0.3,general
www merucabs com,3,0,1.0,0.3,general
www tc,3,0,1.0,0.3,general
www tc biz,3,0,1.0,0.3,general
xchat final,3,0,1.0,0.3,general
xchat final attempt,3,0,1.0,0.3,general
xmas prize claim,3,0,1.0,0.3,general
xperience beachside living,3,0,1.0,0.3,general
xxx pics,3,0,1.0,0.3,general
yamuna way,3,0,1.0,0.3,general
yes 85023,3,0,1.0,0.3,general
yes 85023 savamob,3,0,1.0,0.3,general
yrs free,3,0,1.0,0.3,general
yrs free scheme,3,0,1.0,0.3,general
yrs possession,3,0,1.0,0.3,general
zed 08701417012,3,0,1.0,0.3,general
zed 08701417012 profit,3,0,1.0,0.3,general
online,11,26,0.2973,0.2973,general
xxx,10,24,0.2941,0.2941,general
gr8,8,14,0.3636,0.2909,general
waiting,18,44,0.2903,0.2903,general
kar,11,27,0.2895,0.2895,general
asap,7,10,0.4118,0.2882,general
lab,7,10,0.4118,0.2882,general
help,24,60,0.2857,0.2857,general
plan,14,35,0.2857,0.2857,general
stay,12,30,0.2857,0.2857,general
minutes,12,31,0.2791,0.2791,general
cal,8,15,0.3478,0.2783,general
appt,5,4,0.5556,0.2778,general
baki,5,4,0.5556,0.2778,general
centre,5,4,0.5556,0.2778,general
color,5,4,0.5556,0.2778,general
country,5,4,0.5556,0.2778,general
placement,5,4,0.5556,0.2778,general
tip,5,4,0.5556,0.2778,technical
immediately,6,7,0.4615,0.2769,urgency
king,6,7,0.4615,0.2769,general
ur,161,421,0.2766,0.2766,general
car,17,45,0.2742,0.2742,general
ex,7,11,0.3889,0.2722,general
luck,7,11,0.3889,0.2722,general
sunday,7,11,0.3889,0.2722,general
sent,22,60,0.2683,0.2683,general
true,11,30,0.2683,0.2683,general
seen,8,16,0.3333,0.2667,general
9pm,4,2,0.6667,0.2667,general
adult,4,2,0.6667,0.2667,general
application,4,2,0.6667,0.2667,general
effect,4,2,0.6667,0.2667,general
films,4,2,0.6667,0.2667,general
gain,4,2,0.6667,0.2667,general
kg,4,2,0.6667,0.2667,general
logo,4,2,0.6667,0.2667,general
nazar,4,2,0.6667,0.2667,general
repair,4,2,0.6667,0.2667,general
security,4,2,0.6667,0.2667,authority
sept,4,2,0.6667,0.2667,general
spot,4,2,0.6667,0.2667,general
stylish,4,2,0.6667,0.2667,general
videos,4,2,0.6667,0.2667,general
wanna,13,36,0.2653,0.2653,general
use,22,61,0.2651,0.2651,general
company,9,22,0.2903,0.2613,general
just,114,325,0.2597,0.2597,general
future,7,12,0.3684,0.2579,general
mujhe,7,12,0.3684,0.2579,general
banks,6,8,0.4286,0.2571,financial
karna,6,8,0.4286,0.2571,general
main,6,8,0.4286,0.2571,general
weight,6,8,0.4286,0.2571,general
fr,8,17,0.32,0.256,general
bhi,11,32,0.2558,0.2558,general
hair,10,30,0.25,0.25,general
blackberry,5,5,0.5,0.25,general
invited,5,5,0.5,0.25,general
request,5,5,0.5,0.25,general
result,5,5,0.5,0.25,general
results,5,5,0.5,0.25,general
test,9,24,0.2727,0.2455,general
home,55,170,0.2444,0.2444,general
kya,10,31,0.2439,0.2439,general
soon,19,59,0.2436,0.2436,general
training,6,9,0.4,0.24,general
make,34,108,0.2394,0.2394,general
calling,7,14,0.3333,0.2333,general
hit,7,14,0.3333,0.2333,general
money,20,66,0.2326,0.2326,general
town,9,26,0.2571,0.2314,general
start,11,37,0.2292,0.2292,general
65,4,3,0.5714,0.2286,general
amazing,4,3,0.5714,0.2286,general
daily,4,3,0.5714,0.2286,general
event,4,3,0.5714,0.2286,general
forwarded,4,3,0.5714,0.2286,general
package,4,3,0.5714,0.2286,general
period,4,3,0.5714,0.2286,general
priority,4,3,0.5714,0.2286,general
record,4,3,0.5714,0.2286,general
reference,4,3,0.5714,0.2286,general
released,4,3,0.5714,0.2286,general
sol,4,3,0.5714,0.2286,general
sold,4,3,0.5714,0.2286,general
tells,4,3,0.5714,0.2286,general
complete,6,10,0.375,0.225,general
1000s,3,1,0.75,0.225,general
52,3,1,0.75,0.225,general
6months,3,1,0.75,0.225,general
aapke,3,1,0.75,0.225,general
absolutely,3,1,0.75,0.225,general
apke,3,1,0.75,0.225,general
appartments,3,1,0.75,0.225,general
based,3,1,0.75,0.225,general
biggest,3,1,0.75,0.225,general
broadband,3,1,0.75,0.225,general
chatting,3,1,0.75,0.225,general
community,3,1,0.75,0.225,general
complex,3,1,0.75,0.225,general
convenience,3,1,0.75,0.225,general
eng,3,1,0.75,0.225,general
festive,3,1,0.75,0.225,general
funky,3,1,0.75,0.225,general
gaana,3,1,0.75,0.225,general
held,3,1,0.75,0.225,general
highest,3,1,0.75,0.225,general
hindi,3,1,0.75,0.225,general
hotmail,3,1,0.75,0.225,general
jordan,3,1,0.75,0.225,general
july,3,1,0.75,0.225,general
karte,3,1,0.75,0.225,general
krishna,3,1,0.75,0.225,general
lakhs,3,1,0.75,0.225,general
manali,3,1,0.75,0.225,general
mix,3,1,0.75,0.225,general
mtnl,3,1,0.75,0.225,general
occasion,3,1,0.75,0.225,general
official,3,1,0.75,0.225,general
ordered,3,1,0.75,0.225,general
ow,3,1,0.75,0.225,general
prem,3,1,0.75,0.225,general
prix,3,1,0.75,0.225,general
professionals,3,1,0.75,0.225,general
programs,3,1,0.75,0.225,general
pure,3,1,0.75,0.225,general
residency,3,1,0.75,0.225,general
riders,3,1,0.75,0.225,general
scratches,3,1,0.75,0.225,general
secs,3,1,0.75,0.225,general
starring,3,1,0.75,0.225,general
startin,3,1,0.75,0.225,general
symbol,3,1,0.75,0.225,general
tcs,3,1,0.75,0.225,general
upload,3,1,0.75,0.225,general
victory,3,1,0.75,0.225,general
hi,37,133,0.2176,0.2176,general
hai,40,145,0.2162,0.2162,general
msgs,7,16,0.3043,0.213,general
ring,7,16,0.3043,0.213,general
bar,6,11,0.3529,0.2118,general
black,5,7,0.4167,0.2083,general
missed,8,23,0.2581,0.2065,general
plus,8,23,0.2581,0.2065,general
thanks,17,66,0.2048,0.2048,general
class,16,63,0.2025,0.2025,general
want,51,204,0.2,0.2,general
people,15,60,0.2,0.2,general
gym,6,12,0.3333,0.2,general
march,6,12,0.3333,0.2,general
2010,4,4,0.5,0.2,general
appointment,4,4,0.5,0.2,general
baad,4,4,0.5,0.2,general
birth,4,4,0.5,0.2,general
children,4,4,0.5,0.2,general
cream,4,4,0.5,0.2,general
dec,4,4,0.5,0.2,general
destination,4,4,0.5,0.2,general
feet,4,4,0.5,0.2,general
flirt,4,4,0.5,0.2,general
following,4,4,0.5,0.2,general
green,4,4,0.5,0.2,general
kindly,4,4,0.5,0.2,general
roger,4,4,0.5,0.2,general
series,4,4,0.5,0.2,general
smart,4,4,0.5,0.2,general
travel,4,4,0.5,0.2,general
frm,9,32,0.2195,0.1976,general
today,36,147,0.1967,0.1967,urgency
speak,8,25,0.2424,0.1939,general
air,5,8,0.3846,0.1923,general
congrats,5,8,0.3846,0.1923,general
south,5,8,0.3846,0.1923,general
wear,5,8,0.3846,0.1923,general
left,11,47,0.1897,0.1897,general
life,36,154,0.1895,0.1895,general
know,64,274,0.1893,0.1893,urgency
ya,15,66,0.1852,0.1852,general
talk,13,58,0.1831,0.1831,general
miss,21,94,0.1826,0.1826,general
rest,7,20,0.2593,0.1815,general
fat,6,14,0.3,0.18,general
safe,6,14,0.3,0.18,general
19,3,2,0.6,0.18,general
2008,3,2,0.6,0.18,general
8am,3,2,0.6,0.18,general
beauty,3,2,0.6,0.18,general
canada,3,2,0.6,0.18,general
challenge,3,2,0.6,0.18,general
connect,3,2,0.6,0.18,general
contract,3,2,0.6,0.18,general
covers,3,2,0.6,0.18,general
cross,3,2,0.6,0.18,general
dates,3,2,0.6,0.18,general
diseases,3,2,0.6,0.18,general
electricity,3,2,0.6,0.18,general
europe,3,2,0.6,0.18,general
fans,3,2,0.6,0.18,general
football,3,2,0.6,0.18,general
gossip,3,2,0.6,0.18,technical
ii,3,2,0.6,0.18,general
jokes,3,2,0.6,0.18,general
lakh,3,2,0.6,0.18,general
london,3,2,0.6,0.18,general
mb,3,2,0.6,0.18,general
membership,3,2,0.6,0.18,technical
msn,3,2,0.6,0.18,general
nagar,3,2,0.6,0.18,general
prices,3,2,0.6,0.18,general
protect,3,2,0.6,0.18,general
provide,3,2,0.6,0.18,general
public,3,2,0.6,0.18,general
reg,3,2,0.6,0.18,general
required,3,2,0.6,0.18,general
salon,3,2,0.6,0.18,general
sandeep,3,2,0.6,0.18,general
schedule,3,2,0.6,0.18,general
stores,3,2,0.6,0.18,general
subject,3,2,0.6,0.18,general
term,3,2,0.6,0.18,general
bag,5,9,0.3571,0.1786,general
interested,5,9,0.3571,0.1786,general
model,5,9,0.3571,0.1786,general
remove,5,9,0.3571,0.1786,general
rock,5,9,0.3571,0.1786,general
street,5,9,0.3571,0.1786,general
tea,5,9,0.3571,0.1786,general
away,8,28,0.2222,0.1778,general
acc,4,5,0.4444,0.1778,general
baat,4,5,0.4444,0.1778,general
cinema,4,5,0.4444,0.1778,general
diwali,4,5,0.4444,0.1778,general
karo,4,5,0.4444,0.1778,general
personal,4,5,0.4444,0.1778,general
simply,4,5,0.4444,0.1778,general
strong,4,5,0.4444,0.1778,general
transfer,4,5,0.4444,0.1778,general
value,4,5,0.4444,0.1778,general
wishes,4,5,0.4444,0.1778,general
check,9,38,0.1915,0.1723,general
try,12,59,0.169,0.169,general
ho,12,60,0.1667,0.1667,general
ends,5,10,0.3333,0.1667,general
red,5,10,0.3333,0.1667,general
day,48,244,0.1644,0.1644,general
way,24,122,0.1644,0.1644,general
girls,7,23,0.2333,0.1633,general
wid,13,67,0.1625,0.1625,general
time,45,233,0.1619,0.1619,general
key,4,6,0.4,0.16,general
paid,4,6,0.4,0.16,general
rply,4,6,0.4,0.16,general
sign,4,6,0.4,0.16,general
songs,4,6,0.4,0.16,general
website,4,6,0.4,0.16,general
yahoo,4,6,0.4,0.16,general
ans,6,17,0.2609,0.1565,general
b4,6,17,0.2609,0.1565,general
added,5,11,0.3125,0.1562,general
pls,17,96,0.1504,0.1504,general
125,3,3,0.5,0.15,general
31st,3,3,0.5,0.15,general
avoid,3,3,0.5,0.15,general
competition,3,3,0.5,0.15,general
favourite,3,3,0.5,0.15,general
fest,3,3,0.5,0.15,general
ja,3,3,0.5,0.15,general
kick,3,3,0.5,0.15,general
maintain,3,3,0.5,0.15,general
receipt,3,3,0.5,0.15,technical
regular,3,3,0.5,0.15,general
returns,3,3,0.5,0.15,general
review,3,3,0.5,0.15,general
sakta,3,3,0.5,0.15,general
tata,3,3,0.5,0.15,general
university,3,3,0.5,0.15,general
wa,3,3,0.5,0.15,general
wins,3,3,0.5,0.15,general
catch,5,12,0.2941,0.1471,general
coffee,5,12,0.2941,0.1471,general
hota,5,12,0.2941,0.1471,general
post,5,12,0.2941,0.1471,general
takes,5,12,0.2941,0.1471,general
2nite,4,7,0.3636,0.1455,general
ad,4,7,0.3636,0.1455,general
correct,4,7,0.3636,0.1455,general
grow,4,7,0.3636,0.1455,general
ignore,4,7,0.3636,0.1455,general
password,4,7,0.3636,0.1455,general
receiving,4,7,0.3636,0.1455,general
question,6,19,0.24,0.144,general
sending,5,13,0.2778,0.1389,general
support,5,13,0.2778,0.1389,general
address,6,20,0.2308,0.1385,general
friends,10,64,0.1351,0.1351,general
great,17,109,0.1349,0.1349,general
bt,13,84,0.134,0.134,general
change,8,40,0.1667,0.1333,general
hr,4,8,0.3333,0.1333,general
process,4,8,0.3333,0.1333,general
frnd,7,30,0.1892,0.1324,general
old,7,30,0.1892,0.1324,general
dear,16,105,0.1322,0.1322,general
friend,10,66,0.1316,0.1316,general
girl,10,66,0.1316,0.1316,general
crazy,5,14,0.2632,0.1316,general
listen,5,14,0.2632,0.1316,general
station,5,14,0.2632,0.1316,general
look,7,31,0.1842,0.1289,general
reach,7,31,0.1842,0.1289,general
school,7,31,0.1842,0.1289,general
water,6,22,0.2143,0.1286,general
abhi,3,4,0.4286,0.1286,general
apartment,3,4,0.4286,0.1286,general
babes,3,4,0.4286,0.1286,general
chicken,3,4,0.4286,0.1286,general
costs,3,4,0.4286,0.1286,general
current,3,4,0.4286,0.1286,general
everyday,3,4,0.4286,0.1286,general
healthy,3,4,0.4286,0.1286,general
mumbai,3,4,0.4286,0.1286,general
parking,3,4,0.4286,0.1286,general
perfect,3,4,0.4286,0.1286,general
pix,3,4,0.4286,0.1286,general
prepare,3,4,0.4286,0.1286,general
radio,3,4,0.4286,0.1286,general
suits,3,4,0.4286,0.1286,general
tension,3,4,0.4286,0.1286,general
total,3,4,0.4286,0.1286,general
turn,3,4,0.4286,0.1286,general
wet,3,4,0.4286,0.1286,general
does,8,42,0.16,0.128,general
night,18,124,0.1268,0.1268,general
break,5,15,0.25,0.125,general
hard,6,23,0.2069,0.1241,general
rent,4,9,0.3077,0.1231,general
tomorrow,11,79,0.1222,0.1222,general
hello,8,45,0.1509,0.1208,general
indian,6,24,0.2,0.12,general
heart,9,59,0.1324,0.1191,general
close,5,16,0.2381,0.119,general
guys,7,35,0.1667,0.1167,general
work,13,100,0.115,0.115,general
learn,4,10,0.2857,0.1143,general
saturday,4,10,0.2857,0.1143,general
warm,4,10,0.2857,0.1143,general
white,4,10,0.2857,0.1143,general
times,7,36,0.1628,0.114,general
ek,5,17,0.2273,0.1136,general
2009,3,5,0.375,0.1125,general
airport,3,5,0.375,0.1125,general
diya,3,5,0.375,0.1125,general
energy,3,5,0.375,0.1125,general
raha,3,5,0.375,0.1125,general
truly,3,5,0.375,0.1125,general
care,11,90,0.1089,0.1089,general
round,4,11,0.2667,0.1067,general
meet,10,84,0.1064,0.1064,general
need,22,185,0.1063,0.1063,general
english,4,12,0.25,0.1,general
fall,4,12,0.25,0.1,general
plans,4,12,0.25,0.1,general
bills,3,6,0.3333,0.1,general
budget,3,6,0.3333,0.1,general
chinese,3,6,0.3333,0.1,general
moon,3,6,0.3333,0.1,general
notice,3,6,0.3333,0.1,general
questions,3,6,0.3333,0.1,general
tell,16,146,0.0988,0.0988,general
na,7,43,0.14,0.098,general
inside,5,21,0.1923,0.0962,general
set,5,21,0.1923,0.0962,general
like,29,277,0.0948,0.0948,general
big,7,45,0.1346,0.0942,general
eve,4,13,0.2353,0.0941,general
whats,4,13,0.2353,0.0941,general
don,21,205,0.0929,0.0929,general
fast,5,22,0.1852,0.0926,general
id,5,22,0.1852,0.0926,general
simple,5,22,0.1852,0.0926,general
ve,11,108,0.0924,0.0924,general
advance,3,7,0.3,0.09,general
cheap,3,7,0.3,0.09,general
cover,3,7,0.3,0.09,general
hd,3,7,0.3,0.09,general
present,3,7,0.3,0.09,general
share,3,7,0.3,0.09,general
shirt,3,7,0.3,0.09,general
tie,3,7,0.3,0.09,general
cum,5,23,0.1786,0.0893,general
pick,8,64,0.1111,0.0889,general
2day,4,14,0.2222,0.0889,general
funny,4,14,0.2222,0.0889,general
honey,4,14,0.2222,0.0889,general
xx,4,14,0.2222,0.0889,general
good,24,252,0.087,0.087,general
think,15,162,0.0847,0.0847,general
christmas,4,15,0.2105,0.0842,general
comes,5,25,0.1667,0.0833,general
right,9,90,0.0909,0.0818,general
4u,3,8,0.2727,0.0818,general
normal,3,8,0.2727,0.0818,general
players,3,8,0.2727,0.0818,general
babe,8,71,0.1013,0.081,general
gets,5,26,0.1613,0.0806,general
love,19,232,0.0757,0.0757,general
john,3,9,0.25,0.075,general
kids,3,9,0.25,0.075,general
naughty,3,9,0.25,0.075,general
self,3,9,0.25,0.075,general
ko,5,29,0.1471,0.0735,general
happy,11,140,0.0728,0.0728,general
fone,4,18,0.1818,0.0727,general
drop,4,19,0.1739,0.0696,general
ice,3,10,0.2308,0.0692,general
wow,3,10,0.2308,0.0692,general
wait,7,69,0.0921,0.0645,general
4m,3,11,0.2143,0.0643,general
boys,3,11,0.2143,0.0643,general
fact,3,11,0.2143,0.0643,general
forward,3,11,0.2143,0.0643,general
worried,3,11,0.2143,0.0643,general
bored,4,21,0.16,0.064,general
asked,5,36,0.122,0.061,general
dont,12,197,0.0574,0.0574,general
man,7,80,0.0805,0.0563,general
mark,3,13,0.1875,0.0562,general
problems,3,13,0.1875,0.0562,general
search,3,13,0.1875,0.0562,general
place,6,59,0.0923,0.0554,general
tonight,6,59,0.0923,0.0554,general
food,4,26,0.1333,0.0533,general
cool,5,43,0.1042,0.0521,general
making,4,27,0.129,0.0516,general
ne,4,28,0.125,0.05,general
needs,3,15,0.1667,0.05,general
im,7,94,0.0693,0.0485,general
case,3,16,0.1579,0.0474,general
lost,3,16,0.1579,0.0474,general
nyt,3,17,0.15,0.045,general
pass,3,17,0.15,0.045,general
thank,4,33,0.1081,0.0432,general
hey,7,107,0.0614,0.043,general
treat,3,18,0.1429,0.0429,general
used,3,18,0.1429,0.0429,general
hear,4,34,0.1053,0.0421,general
long,5,56,0.082,0.041,general
child,3,19,0.1364,0.0409,general
lots,3,19,0.1364,0.0409,general
person,5,59,0.0781,0.0391,general
far,3,20,0.1304,0.0391,general
feeling,3,22,0.12,0.036,general
started,3,23,0.1154,0.0346,general
house,4,44,0.0833,0.0333,general
drive,3,24,0.1111,0.0333,general
room,4,45,0.0816,0.0327,general
luv,5,75,0.0625,0.0312,general
birthday,3,26,0.1034,0.031,general
head,3,26,0.1034,0.031,general
yesterday,3,26,0.1034,0.031,general
getting,4,49,0.0755,0.0302,general
drink,3,27,0.1,0.03,general
late,4,58,0.0645,0.0258,general
baby,3,32,0.0857,0.0257,general
amp,4,60,0.0625,0.025,general
leave,4,64,0.0588,0.0235,general
dinner,3,36,0.0769,0.0231,general
little,3,36,0.0769,0.0231,general
got,7,239,0.0285,0.0199,general
called,3,44,0.0638,0.0191,general
wish,4,82,0.0465,0.0186,general
ok,7,262,0.026,0.0182,general
did,5,134,0.036,0.018,general
better,3,51,0.0556,0.0167,general
ask,4,103,0.0374,0.015,general
coming,3,57,0.05,0.015,general
going,5,183,0.0266,0.0133,general
hope,4,139,0.028,0.0112,general
say,4,140,0.0278,0.0111,general
sure,3,83,0.0349,0.0105,general
ll,5,284,0.0173,0.0087,general
sorry,3,130,0.0226,0.0068,general
come,3,235,0.0126,0.0038,general
